rental_id,payment_id,customer_id,staff_id,inventory_id,amount,rental_date,return_date
1,3504,130,1,367,2.99,"2005-05-24 22:53:30","2005-05-26 22:04:30"
2,12377,459,1,1525,2.99,"2005-05-24 22:54:33","2005-05-28 19:40:33"
3,11032,408,1,1711,3.99,"2005-05-24 23:03:39","2005-06-01 22:12:39"
4,8987,333,2,2452,4.99,"2005-05-24 23:04:41","2005-06-03 01:43:41"
5,6003,222,1,2079,6.99,"2005-05-24 23:05:21","2005-06-02 04:33:21"
6,14728,549,1,2792,0.99,"2005-05-24 23:08:07","2005-05-27 01:32:07"
7,7274,269,2,3995,1.99,"2005-05-24 23:11:53","2005-05-29 20:34:53"
8,6440,239,2,2346,4.99,"2005-05-24 23:31:46","2005-05-27 23:33:46"
9,3386,126,1,2580,4.99,"2005-05-25 00:00:40","2005-05-28 00:22:40"
10,10785,399,2,1824,5.99,"2005-05-25 00:02:21","2005-05-31 22:44:21"
11,3831,142,2,4443,8.99,"2005-05-25 00:09:02","2005-06-02 20:56:02"
12,7044,261,2,1584,4.99,"2005-05-25 00:19:27","2005-05-30 05:44:27"
13,9014,334,1,2294,6.99,"2005-05-25 00:22:55","2005-05-30 04:28:55"
14,12025,446,1,2701,0.99,"2005-05-25 00:31:15","2005-05-26 02:56:15"
15,8623,319,1,3049,9.99,"2005-05-25 00:39:22","2005-06-03 03:30:22"
16,8554,316,2,389,4.99,"2005-05-25 00:43:11","2005-05-26 04:42:11"
17,15394,575,1,830,2.99,"2005-05-25 01:06:36","2005-05-27 00:43:36"
18,490,19,2,3376,0.99,"2005-05-25 01:10:47","2005-05-31 06:35:47"
19,12305,456,1,1941,4.99,"2005-05-25 01:17:24","2005-05-31 06:00:24"
20,5020,185,2,3517,2.99,"2005-05-25 01:48:41","2005-05-27 02:20:41"
21,10499,388,2,146,4.99,"2005-05-25 01:59:46","2005-05-26 01:01:46"
22,13711,509,2,727,4.99,"2005-05-25 02:19:23","2005-05-26 04:52:23"
23,11796,438,1,4441,4.99,"2005-05-25 02:40:21","2005-05-29 06:34:21"
24,9463,350,1,3273,4.99,"2005-05-25 02:53:02","2005-05-27 01:15:02"
25,1011,37,2,3961,0.99,"2005-05-25 03:21:20","2005-05-27 21:25:20"
26,10019,371,1,4371,3.99,"2005-05-25 03:36:50","2005-05-31 00:34:50"
27,8167,301,2,1225,4.99,"2005-05-25 03:41:50","2005-05-30 01:13:50"
28,6245,232,2,4068,4.99,"2005-05-25 03:42:37","2005-05-26 09:26:37"
29,1203,44,2,611,0.99,"2005-05-25 03:47:12","2005-05-30 00:31:12"
30,11598,430,1,3744,2.99,"2005-05-25 04:01:32","2005-05-30 03:12:32"
31,9975,369,1,4482,4.99,"2005-05-25 04:05:17","2005-05-30 07:15:17"
32,6186,230,1,3832,0.99,"2005-05-25 04:06:21","2005-05-25 23:55:21"
33,7347,272,1,1681,0.99,"2005-05-25 04:18:51","2005-05-27 03:58:51"
34,15984,597,2,2613,2.99,"2005-05-25 04:19:28","2005-05-29 00:10:28"
35,13055,484,2,1286,4.99,"2005-05-25 04:24:36","2005-05-27 07:02:36"
36,2388,88,1,1308,2.99,"2005-05-25 04:36:26","2005-05-29 00:31:26"
37,14396,535,1,403,0.99,"2005-05-25 04:44:31","2005-05-29 01:03:31"
38,8188,302,1,2540,4.99,"2005-05-25 04:47:44","2005-06-01 00:58:44"
39,5596,207,2,4466,0.99,"2005-05-25 04:51:46","2005-05-31 03:14:46"
40,11170,413,1,2638,4.99,"2005-05-25 05:09:04","2005-05-27 23:12:04"
41,4718,174,1,1761,5.99,"2005-05-25 05:12:29","2005-06-02 00:28:29"
42,14076,523,2,380,4.99,"2005-05-25 05:24:58","2005-05-31 02:47:58"
43,14307,532,2,2578,2.99,"2005-05-25 05:39:25","2005-05-26 06:54:25"
44,5597,207,2,3098,0.99,"2005-05-25 05:53:23","2005-05-29 10:56:23"
45,11743,436,2,1853,7.99,"2005-05-25 05:59:39","2005-06-02 09:56:39"
46,174,7,2,3318,5.99,"2005-05-25 06:04:08","2005-06-02 08:18:08"
47,952,35,1,2211,3.99,"2005-05-25 06:05:20","2005-05-30 03:04:20"
48,7625,282,1,1780,1.99,"2005-05-25 06:20:46","2005-06-02 05:42:46"
49,13405,498,2,2965,2.99,"2005-05-25 06:39:35","2005-05-30 10:12:35"
50,468,18,2,1983,2.99,"2005-05-25 06:44:53","2005-05-28 11:28:53"
51,6889,256,1,1257,4.99,"2005-05-25 06:49:10","2005-05-26 06:42:10"
52,13661,507,2,4017,0.99,"2005-05-25 06:51:29","2005-05-31 01:27:29"
53,15230,569,2,1255,4.99,"2005-05-25 07:19:16","2005-05-27 05:19:16"
54,7872,291,2,2787,4.99,"2005-05-25 07:23:25","2005-06-01 05:05:25"
55,3528,131,1,1139,2.99,"2005-05-25 08:26:13","2005-05-30 10:57:13"
56,13757,511,1,1352,2.99,"2005-05-25 08:28:11","2005-05-26 14:21:11"
57,146,6,2,3938,4.99,"2005-05-25 08:43:32","2005-05-29 06:42:32"
58,8723,323,1,3050,4.99,"2005-05-25 08:53:14","2005-05-28 14:40:14"
59,11033,408,1,2884,5.99,"2005-05-25 08:56:42","2005-06-01 09:52:42"
60,12690,470,1,330,2.99,"2005-05-25 08:58:25","2005-05-30 14:14:25"
61,6737,250,2,4210,5.99,"2005-05-25 09:01:57","2005-06-02 07:22:57"
62,11325,419,1,261,2.99,"2005-05-25 09:18:52","2005-05-30 10:55:52"
63,10366,383,1,4008,0.99,"2005-05-25 09:19:16","2005-05-27 04:24:16"
64,9940,368,1,79,5.99,"2005-05-25 09:21:29","2005-06-03 11:31:29"
65,9336,346,1,3552,4.99,"2005-05-25 09:32:03","2005-05-29 14:21:03"
66,2325,86,2,1162,1.99,"2005-05-25 09:35:12","2005-05-29 04:16:12"
67,3188,119,2,239,0.99,"2005-05-25 09:41:01","2005-05-27 13:46:01"
68,3222,120,2,4029,7.99,"2005-05-25 09:47:31","2005-05-31 10:20:31"
69,8269,305,2,3207,2.99,"2005-05-25 10:10:14","2005-05-27 14:02:14"
70,1970,73,2,2168,2.99,"2005-05-25 10:15:23","2005-05-27 05:56:23"
71,2688,100,1,2408,0.99,"2005-05-25 10:26:39","2005-05-28 04:59:39"
72,1312,48,2,2260,0.99,"2005-05-25 10:52:13","2005-05-28 05:52:13"
73,10588,391,2,517,4.99,"2005-05-25 11:00:07","2005-06-01 13:56:07"
74,7152,265,2,1744,0.99,"2005-05-25 11:09:48","2005-05-26 12:23:48"
75,13731,510,1,3393,8.99,"2005-05-25 11:13:34","2005-06-03 12:58:34"
76,1,1,2,3021,2.99,"2005-05-25 11:30:37","2005-06-03 12:00:37"
77,12160,451,2,1303,0.99,"2005-05-25 11:31:59","2005-05-26 16:53:59"
78,3636,135,2,4067,5.99,"2005-05-25 11:35:18","2005-05-31 12:48:18"
79,6622,245,2,3299,4.99,"2005-05-25 12:11:07","2005-06-03 10:54:07"
80,8504,314,2,2478,5.99,"2005-05-25 12:12:07","2005-05-31 17:46:07"
81,7734,286,2,2610,6.99,"2005-05-25 12:15:19","2005-06-02 14:08:19"
82,11533,427,1,1388,6.99,"2005-05-25 12:17:46","2005-06-01 10:48:46"
83,3529,131,1,466,4.99,"2005-05-25 12:30:15","2005-05-27 15:40:15"
84,13260,492,1,1829,2.99,"2005-05-25 12:36:30","2005-05-29 18:33:30"
85,11191,414,1,470,4.99,"2005-05-25 13:05:34","2005-05-29 16:53:34"
86,7181,266,1,2275,1.99,"2005-05-25 13:36:12","2005-05-30 14:53:12"
87,8932,331,2,1586,0.99,"2005-05-25 13:52:43","2005-05-29 11:12:43"
88,1454,53,2,2221,3.99,"2005-05-25 14:13:54","2005-05-29 09:32:54"
89,13432,499,1,2181,2.99,"2005-05-25 14:28:29","2005-05-29 14:33:29"
90,656,25,1,2984,7.99,"2005-05-25 14:31:25","2005-06-01 10:07:25"
91,7209,267,1,139,6.99,"2005-05-25 14:57:22","2005-06-01 18:32:22"
92,8189,302,2,775,5.99,"2005-05-25 15:38:46","2005-05-31 13:40:46"
93,7790,288,1,4360,3.99,"2005-05-25 15:54:16","2005-06-03 20:18:16"
94,5316,197,1,1675,2.99,"2005-05-25 16:03:42","2005-05-30 14:23:42"
95,10806,400,2,178,3.99,"2005-05-25 16:12:52","2005-06-02 18:55:52"
96,1329,49,2,3418,1.99,"2005-05-25 16:32:19","2005-05-30 10:47:19"
97,7098,263,2,1283,4.99,"2005-05-25 16:34:24","2005-05-28 12:13:24"
98,7275,269,2,2970,0.99,"2005-05-25 16:48:24","2005-05-27 11:29:24"
99,1204,44,1,535,4.99,"2005-05-25 16:50:20","2005-05-28 18:52:20"
100,5630,208,1,2599,4.99,"2005-05-25 16:50:28","2005-06-02 22:11:28"
101,12611,468,1,617,6.99,"2005-05-25 17:17:04","2005-05-31 19:47:04"
102,9270,343,1,373,3.99,"2005-05-25 17:22:10","2005-05-31 19:47:10"
103,10393,384,1,3343,4.99,"2005-05-25 17:30:42","2005-06-03 22:36:42"
104,8412,310,1,4281,0.99,"2005-05-25 17:46:33","2005-05-27 15:20:33"
105,2903,108,2,794,4.99,"2005-05-25 17:54:12","2005-05-30 12:03:12"
106,5281,196,2,3627,11.99,"2005-05-25 18:18:19","2005-06-04 00:01:19"
107,8583,317,2,2833,6.99,"2005-05-25 18:28:09","2005-06-03 22:46:09"
108,6534,242,1,3289,2.99,"2005-05-25 18:30:05","2005-05-30 19:40:05"
109,13545,503,2,1044,1.99,"2005-05-25 18:40:20","2005-05-29 20:39:20"
110,491,19,2,4108,9.99,"2005-05-25 18:43:49","2005-06-03 18:13:49"
111,6110,227,1,3725,4.99,"2005-05-25 18:45:19","2005-05-28 17:18:19"
112,13462,500,1,2153,8.99,"2005-05-25 18:57:24","2005-06-02 20:44:24"
113,2532,93,2,2963,2.99,"2005-05-25 19:07:40","2005-05-27 22:16:40"
114,13626,506,1,4502,3.99,"2005-05-25 19:12:42","2005-06-01 23:10:42"
115,12281,455,1,749,0.99,"2005-05-25 19:13:25","2005-05-29 20:17:25"
116,469,18,1,4453,4.99,"2005-05-25 19:27:51","2005-05-26 16:23:51"
117,175,7,2,4278,0.99,"2005-05-25 19:30:46","2005-05-31 23:59:46"
118,14098,524,1,872,0.99,"2005-05-25 19:31:18","2005-05-31 15:00:18"
119,1392,51,2,1359,4.99,"2005-05-25 19:37:02","2005-05-29 23:51:02"
120,9858,365,2,37,5.99,"2005-05-25 19:37:47","2005-06-01 23:29:47"
121,10941,405,1,1053,2.99,"2005-05-25 19:41:29","2005-05-29 21:31:29"
122,7367,273,1,2908,3.99,"2005-05-25 19:46:21","2005-06-02 19:07:21"
123,1179,43,1,1795,4.99,"2005-05-25 20:26:42","2005-05-26 19:41:42"
124,6654,246,2,212,6.99,"2005-05-25 20:46:11","2005-05-30 00:47:11"
125,9941,368,1,952,5.99,"2005-05-25 20:48:50","2005-06-02 21:39:50"
126,11829,439,1,2047,2.99,"2005-05-25 21:07:59","2005-05-28 18:51:59"
127,2555,94,1,2026,2.99,"2005-05-25 21:10:40","2005-06-02 21:38:40"
128,1097,40,1,4322,4.99,"2005-05-25 21:19:53","2005-05-29 23:34:53"
129,601,23,2,4154,8.99,"2005-05-25 21:20:03","2005-06-04 01:25:03"
130,1535,56,2,3990,3.99,"2005-05-25 21:21:56","2005-05-30 22:41:56"
131,8779,325,2,815,5.99,"2005-05-25 21:42:46","2005-05-30 23:25:46"
132,12926,479,1,3367,3.99,"2005-05-25 21:46:54","2005-05-31 21:02:54"
133,6386,237,2,399,0.99,"2005-05-25 21:48:30","2005-05-30 00:26:30"
134,6004,222,1,2272,4.99,"2005-05-25 21:48:41","2005-06-02 18:28:41"
135,8243,304,1,103,10.99,"2005-05-25 21:58:58","2005-06-03 17:50:58"
136,13577,504,1,2296,5.99,"2005-05-25 22:02:30","2005-05-31 18:06:30"
137,14991,560,2,2591,2.99,"2005-05-25 22:25:18","2005-06-01 02:30:18"
138,15690,586,2,4134,4.99,"2005-05-25 22:48:22","2005-05-29 20:21:22"
139,6919,257,1,327,2.99,"2005-05-25 23:00:21","2005-05-29 17:12:21"
140,9551,354,1,655,0.99,"2005-05-25 23:34:22","2005-05-27 01:10:22"
141,2409,89,1,811,2.99,"2005-05-25 23:34:53","2005-06-02 01:57:53"
142,12749,472,2,4407,0.99,"2005-05-25 23:43:47","2005-05-29 00:46:47"
143,8047,297,2,847,0.99,"2005-05-25 23:45:52","2005-05-27 21:41:52"
144,9637,357,2,1689,2.99,"2005-05-25 23:49:56","2005-06-01 21:41:56"
145,2218,82,1,3905,2.99,"2005-05-25 23:59:03","2005-05-31 02:56:03"
146,11666,433,2,1431,8.99,"2005-05-26 00:07:11","2005-06-04 00:20:11"
147,7402,274,2,633,2.99,"2005-05-26 00:17:50","2005-05-29 23:21:50"
148,3832,142,2,4252,0.99,"2005-05-26 00:25:23","2005-06-01 19:29:23"
149,8624,319,2,1084,3.99,"2005-05-26 00:28:05","2005-06-02 21:30:05"
150,11577,429,2,909,5.99,"2005-05-26 00:28:39","2005-06-01 02:10:39"
151,358,14,1,2942,0.99,"2005-05-26 00:37:28","2005-05-30 06:28:28"
152,1565,57,1,2622,9.99,"2005-05-26 00:41:10","2005-06-03 06:05:10"
153,9398,348,1,3888,0.99,"2005-05-26 00:47:47","2005-05-27 21:28:47"
154,5021,185,2,1354,0.99,"2005-05-26 00:55:56","2005-05-29 23:18:56"
155,14780,551,1,288,7.99,"2005-05-26 01:15:05","2005-06-01 00:03:05"
156,12468,462,1,3193,2.99,"2005-05-26 01:19:05","2005-05-27 23:43:05"
157,9295,344,2,887,2.99,"2005-05-26 01:25:21","2005-05-26 21:17:21"
158,9552,354,2,2395,1.99,"2005-05-26 01:27:11","2005-06-03 00:30:11"
159,13605,505,1,3453,2.99,"2005-05-26 01:34:28","2005-05-29 04:00:28"
160,7844,290,1,1885,2.99,"2005-05-26 01:46:20","2005-06-01 05:45:20"
161,4948,182,1,2941,0.99,"2005-05-26 01:51:48","2005-05-27 05:42:48"
162,8017,296,2,1229,4.99,"2005-05-26 02:02:05","2005-05-27 03:38:05"
163,2800,104,1,2306,10.99,"2005-05-26 02:26:23","2005-06-04 06:36:23"
164,4109,151,1,1070,4.99,"2005-05-26 02:26:49","2005-05-28 00:32:49"
165,907,33,1,2735,2.99,"2005-05-26 02:28:36","2005-06-02 03:21:36"
166,8695,322,1,3894,0.99,"2005-05-26 02:49:11","2005-05-31 01:28:11"
167,10834,401,1,865,4.99,"2005-05-26 02:50:31","2005-05-27 03:07:31"
168,12650,469,2,2714,0.99,"2005-05-26 03:07:43","2005-06-02 02:09:43"
169,10307,381,2,1758,0.99,"2005-05-26 03:09:30","2005-05-27 01:37:30"
170,2873,107,1,3688,5.99,"2005-05-26 03:11:12","2005-06-02 03:53:12"
171,10807,400,2,4483,6.99,"2005-05-26 03:14:15","2005-06-03 00:24:15"
172,4763,176,2,2873,0.99,"2005-05-26 03:17:42","2005-05-29 04:11:42"
173,14339,533,2,3596,0.99,"2005-05-26 03:42:10","2005-05-28 01:37:10"
174,14806,552,2,3954,0.99,"2005-05-26 03:44:10","2005-05-28 07:13:10"
175,1290,47,2,4346,3.99,"2005-05-26 03:46:26","2005-06-03 06:01:26"
176,6738,250,2,851,3.99,"2005-05-26 03:47:39","2005-06-01 02:36:39"
177,14709,548,2,3545,6.99,"2005-05-26 04:14:29","2005-06-01 08:16:29"
178,5282,196,2,1489,5.99,"2005-05-26 04:21:46","2005-06-04 07:09:46"
179,492,19,1,2575,6.99,"2005-05-26 04:26:06","2005-06-03 10:06:06"
180,2021,75,1,2752,4.99,"2005-05-26 04:46:23","2005-06-01 09:58:23"
181,15709,587,2,2417,4.99,"2005-05-26 04:47:06","2005-05-29 06:34:06"
182,6387,237,2,4396,4.99,"2005-05-26 04:49:17","2005-06-01 05:43:17"
183,6839,254,1,2877,2.99,"2005-05-26 05:01:18","2005-06-01 09:04:18"
184,14890,556,1,1970,0.99,"2005-05-26 05:29:49","2005-05-28 10:10:49"
185,3354,125,2,2598,3.99,"2005-05-26 05:30:03","2005-06-02 09:48:03"
186,12612,468,2,1799,4.99,"2005-05-26 05:32:52","2005-06-03 07:19:52"
187,13860,515,1,4004,8.99,"2005-05-26 05:42:37","2005-06-04 00:38:37"
188,6566,243,1,3342,4.99,"2005-05-26 05:47:12","2005-05-26 23:48:12"
189,6677,247,1,984,4.99,"2005-05-26 06:01:41","2005-05-27 06:11:41"
190,14340,533,1,3962,1.99,"2005-05-26 06:11:28","2005-06-01 09:44:28"
191,11149,412,1,4365,0.99,"2005-05-26 06:14:06","2005-05-28 05:33:06"
192,11773,437,1,1897,2.99,"2005-05-26 06:20:37","2005-06-02 10:57:37"
193,7304,270,2,3900,1.99,"2005-05-26 06:41:48","2005-05-30 06:21:48"
194,782,29,2,1337,1.99,"2005-05-26 06:52:33","2005-05-30 04:08:33"
195,15102,564,2,506,5.99,"2005-05-26 06:52:36","2005-05-31 02:47:36"
196,4997,184,1,190,2.99,"2005-05-26 06:55:58","2005-05-27 10:54:58"
197,14660,546,2,4212,5.99,"2005-05-26 06:59:21","2005-06-03 05:04:21"
198,1484,54,1,1789,4.99,"2005-05-26 07:03:49","2005-06-04 11:45:49"
199,1910,71,1,2135,2.99,"2005-05-26 07:11:58","2005-05-28 09:06:58"
200,8673,321,1,3926,4.99,"2005-05-26 07:12:21","2005-05-31 12:07:21"
201,11969,444,2,776,8.99,"2005-05-26 07:13:45","2005-06-04 02:02:45"
202,514,20,1,674,2.99,"2005-05-26 07:27:36","2005-06-02 03:52:36"
203,2933,109,1,3374,5.99,"2005-05-26 07:27:57","2005-06-03 12:52:57"
204,14205,528,1,1842,0.99,"2005-05-26 07:30:37","2005-05-30 08:11:37"
205,3058,114,2,303,4.99,"2005-05-26 07:59:37","2005-05-29 09:43:37"
206,9313,345,1,1717,0.99,"2005-05-26 08:01:54","2005-05-27 06:26:54"
207,1291,47,2,102,4.99,"2005-05-26 08:04:38","2005-05-27 09:32:38"
208,7403,274,1,3669,4.99,"2005-05-26 08:10:22","2005-05-27 03:55:22"
209,10248,379,1,729,4.99,"2005-05-26 08:14:01","2005-05-27 09:00:01"
210,10589,391,2,1801,2.99,"2005-05-26 08:14:15","2005-05-27 12:12:15"
211,4604,170,1,4005,2.99,"2005-05-26 08:33:10","2005-05-28 14:09:10"
212,1620,59,2,764,4.99,"2005-05-26 08:34:41","2005-05-30 12:46:41"
213,10672,394,2,1505,3.99,"2005-05-26 08:44:08","2005-05-31 12:33:08"
214,2639,98,2,1453,3.99,"2005-05-26 08:48:49","2005-05-31 04:06:49"
215,5317,197,2,679,0.99,"2005-05-26 09:02:47","2005-05-28 09:45:47"
216,2469,91,1,1398,5.99,"2005-05-26 09:17:43","2005-06-03 08:21:43"
217,3254,121,2,4395,4.99,"2005-05-26 09:24:26","2005-05-31 03:24:26"
218,8381,309,2,2291,6.99,"2005-05-26 09:27:09","2005-06-04 11:53:09"
219,13188,489,1,3074,4.99,"2005-05-26 09:41:45","2005-05-28 04:40:45"
220,14577,542,1,1259,4.99,"2005-05-26 10:06:49","2005-06-01 07:43:49"
221,3857,143,1,3578,2.99,"2005-05-26 10:14:09","2005-05-29 05:57:09"
222,2244,83,2,2745,0.99,"2005-05-26 10:14:38","2005-05-31 08:36:38"
223,12415,460,1,3121,4.99,"2005-05-26 10:15:23","2005-05-30 11:43:23"
224,8611,318,1,4285,9.99,"2005-05-26 10:18:27","2005-06-04 06:59:27"
225,12582,467,2,651,4.99,"2005-05-26 10:27:50","2005-06-01 07:01:50"
226,5975,221,2,4181,4.99,"2005-05-26 10:44:04","2005-05-31 13:26:04"
227,8168,301,1,214,5.99,"2005-05-26 10:51:46","2005-05-30 07:24:46"
228,15288,571,1,511,9.99,"2005-05-26 10:54:28","2005-06-04 09:39:28"
229,8455,312,2,1131,4.99,"2005-05-26 11:19:20","2005-05-31 11:56:20"
230,1593,58,1,1085,0.99,"2005-05-26 11:31:50","2005-05-30 15:22:50"
231,9859,365,1,4032,4.99,"2005-05-26 11:31:59","2005-05-27 07:27:59"
232,6890,256,2,2945,0.99,"2005-05-26 11:38:05","2005-05-27 08:42:05"
233,14282,531,2,715,4.99,"2005-05-26 11:43:44","2005-05-28 17:28:44"
234,15155,566,2,1321,5.99,"2005-05-26 11:47:20","2005-06-03 10:39:20"
235,3189,119,1,3537,5.99,"2005-05-26 11:51:09","2005-06-04 09:36:09"
236,12026,446,1,1265,0.99,"2005-05-26 11:53:49","2005-05-28 13:55:49"
237,14428,536,1,241,0.99,"2005-05-26 12:15:13","2005-05-29 18:10:13"
238,5719,211,1,503,4.99,"2005-05-26 12:30:22","2005-05-27 06:49:22"
239,1330,49,2,131,3.99,"2005-05-26 12:30:26","2005-06-01 13:26:26"
240,2769,103,1,3420,7.99,"2005-05-26 12:40:23","2005-06-04 07:22:23"
241,6623,245,2,4438,0.99,"2005-05-26 12:49:01","2005-05-28 11:43:01"
242,5801,214,1,2095,1.99,"2005-05-26 13:05:08","2005-06-02 15:26:08"
243,14595,543,2,1721,6.99,"2005-05-26 13:06:05","2005-06-03 17:28:05"
244,6920,257,1,1041,2.99,"2005-05-26 13:40:40","2005-05-31 11:58:40"
245,4292,158,2,3045,4.99,"2005-05-26 13:46:59","2005-05-27 09:58:59"
246,6474,240,2,2829,2.99,"2005-05-26 13:57:07","2005-05-29 10:12:07"
247,2736,102,2,4095,4.99,"2005-05-26 14:01:05","2005-05-28 13:38:05"
248,14639,545,2,1913,0.99,"2005-05-26 14:07:58","2005-05-31 14:03:58"
249,12750,472,2,2428,2.99,"2005-05-26 14:19:09","2005-05-28 17:47:09"
250,14507,539,1,368,4.99,"2005-05-26 14:30:24","2005-05-27 08:50:24"
251,5516,204,1,4352,0.99,"2005-05-26 14:35:40","2005-05-29 17:17:40"
252,5074,187,1,1203,7.99,"2005-05-26 14:39:53","2005-06-02 14:48:53"
253,11239,416,1,2969,0.99,"2005-05-26 14:43:14","2005-05-27 12:21:14"
254,10555,390,2,1835,4.99,"2005-05-26 14:43:48","2005-05-31 09:19:48"
255,3059,114,1,3264,4.99,"2005-05-26 14:52:15","2005-05-27 12:45:15"
256,11744,436,1,3194,3.99,"2005-05-26 15:20:58","2005-05-31 15:58:58"
257,10088,373,2,2570,4.99,"2005-05-26 15:27:05","2005-05-29 16:25:05"
258,13511,502,2,3534,2.99,"2005-05-26 15:28:14","2005-05-30 18:38:14"
259,13008,482,2,30,8.99,"2005-05-26 15:32:46","2005-06-04 15:27:46"
260,544,21,2,435,3.99,"2005-05-26 15:42:20","2005-05-31 13:21:20"
261,11192,414,2,1369,3.99,"2005-05-26 15:44:23","2005-06-02 09:47:23"
262,6344,236,2,4261,2.99,"2005-05-26 15:46:56","2005-05-28 15:49:56"
263,12114,449,2,1160,4.99,"2005-05-26 15:47:40","2005-05-30 10:07:40"
264,6757,251,2,2069,2.99,"2005-05-26 16:00:49","2005-05-27 10:12:49"
265,8217,303,1,2276,0.99,"2005-05-26 16:07:38","2005-06-01 14:20:38"
266,7099,263,2,3303,0.99,"2005-05-26 16:08:05","2005-05-27 10:55:05"
267,11270,417,2,1206,4.99,"2005-05-26 16:16:21","2005-05-30 16:53:21"
268,2022,75,1,1714,0.99,"2005-05-26 16:19:08","2005-05-27 14:35:08"
269,8696,322,2,3501,4.99,"2005-05-26 16:19:46","2005-05-27 15:59:46"
270,5418,200,2,207,9.99,"2005-05-26 16:20:56","2005-06-03 12:40:56"
271,2504,92,2,2388,5.99,"2005-05-26 16:22:01","2005-06-03 17:30:01"
272,1911,71,2,971,9.99,"2005-05-26 16:27:11","2005-06-03 13:10:11"
273,5219,193,2,1590,2.99,"2005-05-26 16:29:36","2005-05-29 18:49:36"
274,8432,311,1,656,5.99,"2005-05-26 16:48:51","2005-06-03 18:17:51"
275,3586,133,1,1718,6.99,"2005-05-26 17:09:53","2005-06-04 22:35:53"
276,1594,58,1,1221,7.99,"2005-05-26 17:16:07","2005-06-03 12:59:07"
277,1229,45,1,1409,2.99,"2005-05-26 17:32:11","2005-05-28 22:54:11"
278,5802,214,2,182,3.99,"2005-05-26 17:40:58","2005-06-02 16:43:58"
279,10394,384,2,661,2.99,"2005-05-26 18:02:50","2005-06-03 18:48:50"
280,4516,167,1,1896,2.99,"2005-05-26 18:36:58","2005-05-27 23:42:58"
281,15588,582,2,1208,0.99,"2005-05-26 18:49:35","2005-05-27 18:11:35"
282,7626,282,2,4486,6.99,"2005-05-26 18:56:26","2005-06-01 16:32:26"
283,6535,242,1,3530,3.99,"2005-05-26 19:05:05","2005-05-31 19:19:05"
284,9684,359,2,350,8.99,"2005-05-26 19:21:44","2005-06-04 14:18:44"
285,4402,162,2,2486,1.99,"2005-05-26 19:41:40","2005-05-31 16:58:40"
286,10020,371,2,314,6.99,"2005-05-26 19:44:51","2005-06-04 18:00:51"
287,447,17,1,3631,2.99,"2005-05-26 19:44:54","2005-06-02 01:10:54"
288,2219,82,2,3546,8.99,"2005-05-26 19:47:49","2005-06-03 20:53:49"
289,2196,81,1,2449,0.99,"2005-05-26 20:01:09","2005-05-28 15:09:09"
290,11578,429,1,2776,2.99,"2005-05-26 20:08:33","2005-05-30 00:32:33"
291,15457,577,2,485,5.99,"2005-05-26 20:20:47","2005-06-03 02:06:47"
292,13861,515,1,4264,6.99,"2005-05-26 20:22:12","2005-06-05 00:58:12"
293,4293,158,2,1828,5.99,"2005-05-26 20:27:02","2005-06-03 16:45:02"
294,9976,369,1,2751,4.99,"2005-05-26 20:29:57","2005-05-28 17:20:57"
295,1767,65,2,4030,4.99,"2005-05-26 20:33:20","2005-05-27 18:23:20"
296,12613,468,2,3878,6.99,"2005-05-26 20:35:19","2005-06-04 02:31:19"
297,1313,48,2,1594,2.99,"2005-05-26 20:48:48","2005-05-27 19:52:48"
298,12416,460,2,1083,0.99,"2005-05-26 20:52:26","2005-05-29 22:08:26"
299,12085,448,2,4376,4.99,"2005-05-26 20:55:36","2005-05-28 00:25:36"
300,1292,47,2,249,6.99,"2005-05-26 20:57:00","2005-06-05 01:34:00"
301,7404,274,2,3448,2.99,"2005-05-26 21:06:14","2005-06-01 01:54:14"
302,10473,387,2,2921,4.99,"2005-05-26 21:13:46","2005-06-03 15:49:46"
303,15956,596,2,1111,4.99,"2005-05-26 21:16:52","2005-05-27 23:41:52"
304,14372,534,1,1701,5.99,"2005-05-26 21:21:28","2005-06-02 00:05:28"
305,12526,464,2,2665,3.99,"2005-05-26 21:22:07","2005-06-02 22:33:07"
306,14686,547,1,2781,0.99,"2005-05-26 21:31:57","2005-05-28 19:37:57"
307,10151,375,1,1097,8.99,"2005-05-26 21:48:13","2005-06-04 22:24:13"
308,7495,277,2,187,6.99,"2005-05-26 22:01:39","2005-06-04 20:24:39"
309,6758,251,2,1946,1.99,"2005-05-26 22:38:10","2005-06-02 03:10:10"
310,11062,409,1,593,6.99,"2005-05-26 22:41:07","2005-06-02 04:09:07"
311,5445,201,1,2830,3.99,"2005-05-26 22:51:37","2005-06-01 00:02:37"
312,3858,143,2,2008,2.99,"2005-05-26 22:52:19","2005-06-02 18:14:19"
313,15899,594,2,4156,4.99,"2005-05-26 22:56:19","2005-05-29 01:29:19"
314,5496,203,2,2851,0.99,"2005-05-26 23:09:41","2005-05-28 22:49:41"
315,6419,238,1,2847,4.99,"2005-05-26 23:12:55","2005-05-29 23:33:55"
316,6714,249,2,3828,4.99,"2005-05-26 23:22:55","2005-05-29 23:25:55"
317,10590,391,2,26,5.99,"2005-05-26 23:23:56","2005-06-01 19:56:56"
318,1647,60,2,2559,4.99,"2005-05-26 23:37:39","2005-06-03 04:31:39"
319,2085,77,1,3024,2.99,"2005-05-26 23:52:13","2005-05-30 18:55:13"
320,33,2,2,1090,4.99,"2005-05-27 00:09:24","2005-05-28 04:30:24"
322,13356,496,1,4556,4.99,"2005-05-27 00:47:35","2005-06-02 00:32:35"
323,3879,144,1,2362,2.99,"2005-05-27 00:49:27","2005-05-30 03:12:27"
324,7895,292,1,3364,0.99,"2005-05-27 01:00:04","2005-05-30 04:27:04"
325,12115,449,2,2510,5.99,"2005-05-27 01:09:55","2005-05-31 07:01:55"
326,11643,432,2,3979,7.99,"2005-05-27 01:10:11","2005-06-04 20:25:11"
327,2824,105,1,2678,8.99,"2005-05-27 01:18:57","2005-06-04 04:06:57"
328,12161,451,1,2524,2.99,"2005-05-27 01:29:31","2005-06-01 02:27:31"
329,6219,231,2,2659,5.99,"2005-05-27 01:57:14","2005-05-31 04:19:14"
330,6699,248,2,1536,7.99,"2005-05-27 02:15:30","2005-06-04 05:09:30"
331,1823,67,1,1872,9.99,"2005-05-27 02:22:26","2005-06-05 00:25:26"
332,8106,299,2,1529,5.99,"2005-05-27 02:27:10","2005-06-03 01:26:10"
333,11150,412,2,4001,4.99,"2005-05-27 02:52:21","2005-06-01 00:55:21"
334,5244,194,1,3973,4.99,"2005-05-27 03:03:07","2005-05-29 03:54:07"
335,418,16,2,1411,3.99,"2005-05-27 03:07:10","2005-06-05 00:15:10"
336,7437,275,1,1811,2.99,"2005-05-27 03:15:23","2005-05-29 22:43:23"
337,493,19,1,751,2.99,"2005-05-27 03:22:30","2005-06-02 03:27:30"
338,4467,165,2,2596,4.99,"2005-05-27 03:42:52","2005-06-01 05:23:52"
339,13888,516,2,2410,3.99,"2005-05-27 03:47:18","2005-06-04 05:46:18"
340,5656,209,2,946,9.99,"2005-05-27 03:55:25","2005-06-04 07:57:25"
341,1536,56,1,4168,5.99,"2005-05-27 04:01:42","2005-06-05 08:51:42"
342,14508,539,2,4019,0.99,"2005-05-27 04:11:04","2005-05-29 01:28:04"
343,12282,455,1,3301,0.99,"2005-05-27 04:13:41","2005-05-28 08:34:41"
344,6345,236,2,2327,2.99,"2005-05-27 04:30:22","2005-05-29 10:13:22"
345,3880,144,1,1396,2.99,"2005-05-27 04:32:25","2005-05-31 09:50:25"
346,359,14,2,4319,9.99,"2005-05-27 04:34:41","2005-06-05 04:24:41"
347,10229,378,2,1625,0.99,"2005-05-27 04:40:33","2005-05-28 09:56:33"
348,12779,473,1,1825,4.99,"2005-05-27 04:50:56","2005-06-01 04:43:56"
349,984,36,2,2920,0.99,"2005-05-27 04:53:11","2005-05-28 06:33:11"
350,231,9,2,2756,4.99,"2005-05-27 05:01:28","2005-06-04 05:01:28"
351,3167,118,1,3371,5.99,"2005-05-27 05:39:03","2005-06-01 11:10:03"
352,4261,157,1,4369,0.99,"2005-05-27 05:48:19","2005-05-29 09:05:19"
353,13546,503,2,3989,5.99,"2005-05-27 06:03:39","2005-06-03 04:39:39"
354,12193,452,1,2058,2.99,"2005-05-27 06:12:26","2005-06-01 06:48:26"
355,12027,446,2,141,4.99,"2005-05-27 06:15:33","2005-06-01 02:50:33"
356,10342,382,2,2868,2.99,"2005-05-27 06:32:30","2005-05-30 06:24:30"
357,5356,198,2,4417,0.99,"2005-05-27 06:37:15","2005-05-30 07:04:15"
358,2737,102,2,1925,0.99,"2005-05-27 06:43:59","2005-05-29 11:28:59"
359,4136,152,1,1156,4.99,"2005-05-27 06:48:33","2005-05-29 03:55:33"
360,15900,594,1,3489,8.99,"2005-05-27 06:51:14","2005-06-03 01:58:14"
361,15710,587,1,6,0.99,"2005-05-27 07:03:28","2005-05-31 08:01:28"
362,3978,147,1,2324,0.99,"2005-05-27 07:10:25","2005-06-01 08:34:25"
363,9314,345,2,4282,0.99,"2005-05-27 07:14:00","2005-05-28 12:22:00"
364,11599,430,2,833,4.99,"2005-05-27 07:20:12","2005-05-31 10:44:12"
365,4517,167,1,2887,2.99,"2005-05-27 07:31:20","2005-06-04 04:46:20"
366,3613,134,2,360,3.99,"2005-05-27 07:33:54","2005-06-04 01:55:54"
367,11830,439,2,3437,0.99,"2005-05-27 07:37:02","2005-05-30 05:43:02"
368,9743,361,2,1247,5.99,"2005-05-27 07:42:29","2005-06-04 11:20:29"
369,13686,508,2,944,2.99,"2005-05-27 07:46:49","2005-06-01 06:20:49"
370,579,22,2,3347,4.99,"2005-05-27 07:49:43","2005-06-05 06:39:43"
371,7979,295,2,1235,3.99,"2005-05-27 08:08:18","2005-06-05 03:05:18"
372,13732,510,2,4089,5.99,"2005-05-27 08:13:58","2005-06-04 03:50:58"
373,12527,464,1,1649,1.99,"2005-05-27 08:16:25","2005-06-01 11:41:25"
374,9097,337,1,4420,6.99,"2005-05-27 08:26:30","2005-06-05 07:13:30"
375,8294,306,1,1815,3.99,"2005-05-27 08:49:21","2005-06-04 14:11:21"
376,14578,542,1,3197,4.99,"2005-05-27 08:58:15","2005-06-02 04:48:15"
377,4605,170,2,3012,5.99,"2005-05-27 09:04:05","2005-06-02 03:36:05"
378,1455,53,1,2242,2.99,"2005-05-27 09:23:22","2005-05-29 15:20:22"
379,15636,584,1,3462,4.99,"2005-05-27 09:25:32","2005-06-02 06:19:32"
380,4764,176,1,1777,6.99,"2005-05-27 09:34:39","2005-06-04 11:45:39"
381,10021,371,1,2748,4.99,"2005-05-27 09:43:25","2005-05-31 12:00:25"
382,4974,183,1,4358,0.99,"2005-05-27 10:12:00","2005-05-31 15:03:00"
383,8080,298,1,955,3.99,"2005-05-27 10:12:20","2005-06-03 10:37:20"
384,10022,371,2,910,5.99,"2005-05-27 10:18:20","2005-06-02 09:21:20"
385,5773,213,2,1565,0.99,"2005-05-27 10:23:25","2005-05-30 15:27:25"
386,2934,109,1,1288,0.99,"2005-05-27 10:26:31","2005-05-30 08:32:31"
387,13627,506,2,2684,2.99,"2005-05-27 10:35:27","2005-06-01 13:37:27"
388,750,28,1,434,2.99,"2005-05-27 10:37:27","2005-05-30 05:45:27"
389,13463,500,2,691,8.99,"2005-05-27 10:45:41","2005-06-05 06:22:41"
390,1314,48,2,3759,4.99,"2005-05-27 11:02:26","2005-06-02 16:09:26"
391,5318,197,2,2193,2.99,"2005-05-27 11:03:55","2005-06-01 11:59:55"
392,9685,359,2,263,2.99,"2005-05-27 11:14:42","2005-06-01 14:28:42"
393,6759,251,2,145,2.99,"2005-05-27 11:18:25","2005-05-28 07:10:25"
394,7405,274,2,1890,5.99,"2005-05-27 11:26:11","2005-06-03 16:44:11"
395,15395,575,1,752,0.99,"2005-05-27 11:45:49","2005-05-31 13:42:49"
396,2999,112,1,1020,0.99,"2005-05-27 11:47:04","2005-05-29 10:14:04"
397,14617,544,2,4193,2.99,"2005-05-27 12:29:02","2005-05-28 17:36:02"
398,11398,422,1,1686,0.99,"2005-05-27 12:44:03","2005-06-02 08:19:03"
399,5517,204,1,553,4.99,"2005-05-27 12:48:38","2005-05-29 15:27:38"
400,6715,249,2,258,2.99,"2005-05-27 12:51:44","2005-05-31 08:34:44"
401,1256,46,2,2179,2.99,"2005-05-27 12:57:55","2005-05-29 17:55:55"
402,9553,354,2,461,0.99,"2005-05-27 13:17:18","2005-05-30 08:53:18"
403,11450,424,2,3983,0.99,"2005-05-27 13:28:52","2005-05-29 11:47:52"
404,4548,168,1,1293,0.99,"2005-05-27 13:31:51","2005-05-30 16:58:51"
405,7348,272,2,4090,6.99,"2005-05-27 13:32:39","2005-06-05 18:53:39"
406,10308,381,1,2136,2.99,"2005-05-27 13:46:46","2005-05-30 12:43:46"
407,1205,44,1,1077,2.99,"2005-05-27 13:57:38","2005-05-31 18:23:38"
408,2269,84,1,1438,0.99,"2005-05-27 13:57:39","2005-05-28 11:57:39"
409,5948,220,2,3652,0.99,"2005-05-27 14:10:58","2005-06-02 10:40:58"
410,13628,506,2,4010,3.99,"2005-05-27 14:11:22","2005-06-02 20:06:22"
411,10500,388,1,1434,4.99,"2005-05-27 14:14:14","2005-06-03 17:39:14"
412,10152,375,2,1400,4.99,"2005-05-27 14:17:23","2005-05-29 15:07:23"
413,8326,307,1,3516,4.99,"2005-05-27 14:45:37","2005-06-03 11:11:37"
414,5922,219,2,1019,0.99,"2005-05-27 14:48:20","2005-05-31 14:39:20"
415,8244,304,2,3698,0.99,"2005-05-27 14:51:45","2005-05-28 19:07:45"
416,6005,222,2,2371,0.99,"2005-05-27 15:02:10","2005-05-29 10:34:10"
417,12839,475,2,2253,4.99,"2005-05-27 15:07:27","2005-05-29 20:01:27"
418,4110,151,2,3063,5.99,"2005-05-27 15:13:17","2005-06-04 12:05:17"
419,2086,77,1,2514,1.99,"2005-05-27 15:15:11","2005-06-02 11:53:11"
420,2533,93,2,619,6.99,"2005-05-27 15:19:38","2005-06-03 15:07:38"
421,6655,246,2,2985,8.99,"2005-05-27 15:30:13","2005-06-04 13:19:13"
422,4084,150,2,1152,3.99,"2005-05-27 15:31:55","2005-06-01 11:47:55"
423,7680,284,1,1783,0.99,"2005-05-27 15:32:57","2005-06-02 19:03:57"
424,953,35,1,2815,6.99,"2005-05-27 15:34:01","2005-06-05 09:44:01"
425,4949,182,2,1518,3.99,"2005-05-27 15:51:30","2005-06-03 16:52:30"
426,14043,522,1,1103,5.99,"2005-05-27 15:56:57","2005-06-05 11:45:57"
427,7791,288,2,1677,6.99,"2005-05-27 16:10:04","2005-06-05 13:22:04"
428,4372,161,2,3349,2.99,"2005-05-27 16:10:58","2005-05-31 17:24:58"
429,13406,498,2,129,8.99,"2005-05-27 16:21:26","2005-06-05 20:23:26"
430,5149,190,1,1920,4.99,"2005-05-27 16:22:10","2005-06-05 13:10:10"
431,9015,334,1,4507,8.99,"2005-05-27 16:31:05","2005-06-05 11:29:05"
432,1257,46,1,1119,4.99,"2005-05-27 16:40:29","2005-05-29 16:20:29"
433,15366,574,2,4364,0.99,"2005-05-27 16:40:40","2005-05-30 19:55:40"
434,6656,246,1,3360,5.99,"2005-05-27 16:54:27","2005-06-04 22:26:27"
435,60,3,2,3328,1.99,"2005-05-27 17:17:09","2005-06-02 11:20:09"
436,7210,267,2,4317,4.99,"2005-05-27 17:21:04","2005-05-30 21:26:04"
437,14117,525,2,1800,5.99,"2005-05-27 17:47:22","2005-06-05 14:22:22"
438,6716,249,2,4260,6.99,"2005-05-27 17:52:34","2005-06-05 22:23:34"
439,8625,319,2,354,2.99,"2005-05-27 17:54:48","2005-06-02 23:01:48"
440,8505,314,1,4452,4.99,"2005-05-27 18:00:35","2005-05-29 16:15:35"
441,1485,54,1,1578,4.99,"2005-05-27 18:11:05","2005-05-30 22:45:05"
442,10876,403,2,1457,2.99,"2005-05-27 18:12:13","2005-05-30 12:30:13"
443,14687,547,1,2021,8.99,"2005-05-27 18:35:20","2005-06-04 18:58:20"
444,6441,239,1,723,2.99,"2005-05-27 18:39:15","2005-06-01 15:56:15"
445,7922,293,2,1757,0.99,"2005-05-27 18:42:57","2005-05-30 22:35:57"
446,10835,401,2,1955,4.99,"2005-05-27 18:48:41","2005-06-03 16:42:41"
447,3587,133,1,3890,2.99,"2005-05-27 18:57:02","2005-06-05 18:38:02"
448,6678,247,2,2671,3.99,"2005-05-27 19:03:08","2005-06-03 20:28:08"
449,4656,172,2,2469,3.99,"2005-05-27 19:13:15","2005-06-04 01:08:15"
450,6679,247,1,1343,6.99,"2005-05-27 19:18:54","2005-06-05 23:52:54"
451,2358,87,2,205,4.99,"2005-05-27 19:27:54","2005-05-29 01:07:54"
452,3414,127,2,2993,0.99,"2005-05-27 19:30:33","2005-05-30 20:53:33"
453,14230,529,1,4425,2.99,"2005-05-27 19:31:16","2005-05-29 23:06:16"
454,15396,575,1,3499,4.99,"2005-05-27 19:31:36","2005-05-30 15:46:36"
455,9271,343,2,3344,3.99,"2005-05-27 19:43:29","2005-06-04 23:40:29"
456,2505,92,1,1699,4.99,"2005-05-27 19:50:06","2005-06-02 22:14:06"
457,8136,300,2,2368,0.99,"2005-05-27 19:52:29","2005-06-02 17:17:29"
458,15126,565,1,3350,6.99,"2005-05-27 19:58:36","2005-06-06 00:51:36"
459,12614,468,1,597,0.99,"2005-05-27 20:00:04","2005-05-29 22:47:04"
460,6475,240,1,4238,2.99,"2005-05-27 20:02:03","2005-05-28 16:14:03"
461,12056,447,1,2077,2.99,"2005-05-27 20:08:55","2005-06-01 14:32:55"
462,9835,364,2,2314,5.99,"2005-05-27 20:10:36","2005-06-03 21:12:36"
463,545,21,1,826,3.99,"2005-05-27 20:11:47","2005-06-04 21:18:47"
464,5220,193,2,1313,0.99,"2005-05-27 20:42:44","2005-05-30 00:49:44"
465,7045,261,1,20,3.99,"2005-05-27 20:44:36","2005-06-02 02:43:36"
466,11915,442,1,1786,0.99,"2005-05-27 20:57:07","2005-05-29 15:52:07"
467,14911,557,1,339,4.99,"2005-05-27 21:10:03","2005-06-01 16:08:03"
468,2712,101,2,2656,9.99,"2005-05-27 21:13:10","2005-06-04 15:26:10"
469,4181,154,1,4463,5.99,"2005-05-27 21:14:26","2005-06-05 21:51:26"
470,13578,504,1,1613,4.99,"2005-05-27 21:17:08","2005-06-04 17:47:08"
471,5657,209,2,2872,0.99,"2005-05-27 21:32:42","2005-05-31 00:39:42"
472,14206,528,1,1338,0.99,"2005-05-27 21:36:15","2005-05-29 21:07:15"
473,2825,105,1,802,7.99,"2005-05-27 21:36:34","2005-06-05 17:02:34"
474,7406,274,1,1474,2.99,"2005-05-27 22:11:56","2005-05-31 19:07:56"
475,4324,159,1,2520,2.99,"2005-05-27 22:16:26","2005-05-28 19:58:26"
476,14596,543,1,2451,1.99,"2005-05-27 22:31:36","2005-06-03 19:12:36"
477,4373,161,2,2437,3.99,"2005-05-27 22:33:33","2005-06-02 18:35:33"
478,14912,557,2,424,4.99,"2005-05-27 22:38:20","2005-05-31 18:39:20"
479,6220,231,2,2060,6.99,"2005-05-27 22:39:10","2005-06-05 22:46:10"
480,5949,220,2,2108,3.99,"2005-05-27 22:47:39","2005-06-04 21:17:39"
481,11999,445,2,72,2.99,"2005-05-27 22:49:27","2005-05-30 17:46:27"
482,14661,546,2,4178,6.99,"2005-05-27 22:53:02","2005-06-01 22:53:02"
483,878,32,1,1510,4.99,"2005-05-27 23:00:25","2005-05-28 21:30:25"
484,13233,491,2,3115,2.99,"2005-05-27 23:26:45","2005-05-29 21:16:45"
485,2826,105,2,2392,2.99,"2005-05-27 23:40:52","2005-05-28 22:40:52"
486,10769,398,1,1822,4.99,"2005-05-27 23:51:12","2005-05-28 20:26:12"
487,15231,569,2,3774,4.99,"2005-05-28 00:00:30","2005-05-28 19:18:30"
488,4549,168,2,393,4.99,"2005-05-28 00:07:50","2005-06-03 22:30:50"
489,12863,476,2,1940,4.99,"2005-05-28 00:09:12","2005-05-31 04:44:12"
490,2576,95,2,3524,4.99,"2005-05-28 00:09:56","2005-05-30 22:32:56"
491,5283,196,2,1326,2.99,"2005-05-28 00:13:35","2005-05-29 00:11:35"
492,6134,228,1,1999,4.99,"2005-05-28 00:24:58","2005-05-28 22:34:58"
493,13490,501,1,184,0.99,"2005-05-28 00:34:11","2005-05-30 18:40:11"
494,1734,64,1,1850,4.99,"2005-05-28 00:39:31","2005-06-02 19:35:31"
495,14136,526,1,1007,4.99,"2005-05-28 00:40:48","2005-05-29 06:07:48"
496,1537,56,1,1785,2.99,"2005-05-28 00:43:41","2005-06-04 03:56:41"
497,515,20,2,2636,6.99,"2005-05-28 00:54:39","2005-06-03 20:47:39"
498,7761,287,2,458,0.99,"2005-05-28 01:01:21","2005-05-30 21:20:21"
499,5393,199,2,2381,7.99,"2005-05-28 01:05:07","2005-06-05 19:54:07"
500,3921,145,1,4500,0.99,"2005-05-28 01:05:25","2005-05-31 20:04:25"
501,4403,162,2,601,4.99,"2005-05-28 01:09:36","2005-05-30 06:14:36"
502,4862,179,2,3131,0.99,"2005-05-28 01:34:43","2005-05-31 01:02:43"
503,7792,288,2,3005,4.99,"2005-05-28 01:35:25","2005-05-28 22:12:25"
504,4606,170,1,2086,0.99,"2005-05-28 02:05:34","2005-05-30 23:03:34"
505,2973,111,1,71,2.99,"2005-05-28 02:06:37","2005-05-29 06:57:37"
506,12651,469,1,667,7.99,"2005-05-28 02:09:19","2005-06-05 20:34:19"
507,11371,421,2,3621,0.99,"2005-05-28 02:31:19","2005-06-02 05:07:19"
508,11691,434,1,4179,5.99,"2005-05-28 02:40:50","2005-06-05 03:05:50"
509,3979,147,1,3416,0.99,"2005-05-28 02:51:12","2005-05-31 06:27:12"
510,3029,113,2,4338,0.99,"2005-05-28 02:52:14","2005-05-30 21:20:14"
511,8018,296,1,3827,5.99,"2005-05-28 03:04:04","2005-06-03 04:58:04"
512,6221,231,2,2176,8.99,"2005-05-28 03:07:50","2005-06-05 02:12:50"
513,13189,489,1,225,2.99,"2005-05-28 03:08:10","2005-05-29 07:22:10"
514,15985,597,2,1697,8.99,"2005-05-28 03:09:28","2005-06-05 00:49:28"
515,2959,110,2,3369,7.99,"2005-05-28 03:10:10","2005-06-04 02:18:10"
516,10808,400,1,4357,1.99,"2005-05-28 03:11:47","2005-06-04 02:19:47"
517,10877,403,1,234,0.99,"2005-05-28 03:17:57","2005-05-29 06:33:57"
518,12957,480,1,4087,0.99,"2005-05-28 03:18:02","2005-05-30 05:32:02"
519,6624,245,1,3564,7.99,"2005-05-28 03:22:33","2005-06-03 05:06:33"
520,4374,161,1,3845,5.99,"2005-05-28 03:27:37","2005-06-04 05:47:37"
521,10123,374,1,2397,0.99,"2005-05-28 03:32:22","2005-05-28 22:37:22"
522,10343,382,1,3195,2.99,"2005-05-28 03:33:20","2005-05-31 04:23:20"
523,3720,138,2,1905,2.99,"2005-05-28 03:53:26","2005-05-31 05:58:26"
524,6024,223,1,1962,2.99,"2005-05-28 03:57:28","2005-05-31 05:20:28"
525,360,14,1,1817,5.99,"2005-05-28 04:25:33","2005-06-06 04:18:33"
526,11034,408,1,1387,2.99,"2005-05-28 04:27:37","2005-05-30 07:52:37"
527,4582,169,1,266,3.99,"2005-05-28 04:28:38","2005-06-02 08:19:38"
528,9686,359,2,1655,3.99,"2005-05-28 04:30:05","2005-06-03 10:01:05"
529,12652,469,1,2624,4.99,"2005-05-28 04:34:17","2005-05-30 00:35:17"
530,8456,312,2,3332,0.99,"2005-05-28 05:13:01","2005-06-01 10:21:01"
531,15764,589,2,1113,0.99,"2005-05-28 05:23:38","2005-05-29 08:00:38"
532,3223,120,1,2793,0.99,"2005-05-28 05:36:58","2005-06-02 01:50:58"
533,14207,528,2,4306,5.99,"2005-05-28 06:14:46","2005-06-01 06:26:46"
534,4998,184,1,992,4.99,"2005-05-28 06:15:25","2005-06-06 07:51:25"
535,8327,307,1,4209,4.99,"2005-05-28 06:16:32","2005-05-31 02:48:32"
536,13838,514,2,2962,4.99,"2005-05-28 06:17:33","2005-06-03 10:02:33"
537,8537,315,2,3095,8.99,"2005-05-28 06:20:55","2005-06-05 11:48:55"
538,2960,110,2,2262,1.99,"2005-05-28 06:21:05","2005-06-02 01:22:05"
539,4375,161,1,3427,0.99,"2005-05-28 06:26:16","2005-05-30 02:02:16"
540,3190,119,1,3321,6.99,"2005-05-28 06:40:25","2005-06-06 00:47:25"
541,14397,535,2,1662,2.99,"2005-05-28 06:41:58","2005-06-02 09:12:58"
542,7046,261,1,4444,6.99,"2005-05-28 06:42:13","2005-06-03 09:05:13"
543,13276,493,2,530,7.99,"2005-05-28 06:43:34","2005-06-06 07:16:34"
544,8433,311,1,2964,6.99,"2005-05-28 07:03:00","2005-06-06 06:23:00"
545,1486,54,2,1086,3.99,"2005-05-28 07:10:20","2005-06-04 01:47:20"
546,516,20,1,487,1.99,"2005-05-28 07:16:25","2005-06-01 08:36:25"
547,13629,506,2,2065,8.99,"2005-05-28 07:24:28","2005-06-06 01:31:28"
548,12134,450,2,3704,3.99,"2005-05-28 07:34:56","2005-06-05 03:14:56"
549,4325,159,1,1818,1.99,"2005-05-28 07:35:37","2005-06-02 09:08:37"
550,11644,432,2,3632,5.99,"2005-05-28 07:39:16","2005-06-06 12:20:16"
551,8538,315,2,3119,4.99,"2005-05-28 07:44:18","2005-06-02 12:55:18"
552,2850,106,2,23,3.99,"2005-05-28 07:53:38","2005-06-04 12:45:38"
553,4765,176,2,1349,3.99,"2005-05-28 08:14:44","2005-06-02 03:01:44"
554,10175,376,2,1951,0.99,"2005-05-28 08:23:16","2005-05-31 03:29:16"
555,1513,55,2,4397,4.99,"2005-05-28 08:31:14","2005-05-30 07:34:14"
556,580,22,2,1814,4.99,"2005-05-28 08:31:36","2005-06-06 07:29:36"
557,11970,444,2,158,0.99,"2005-05-28 08:36:22","2005-06-03 10:42:22"
558,11916,442,1,4163,6.99,"2005-05-28 08:38:43","2005-06-06 13:52:43"
559,15312,572,2,1227,7.99,"2005-05-28 08:39:02","2005-06-05 08:38:02"
560,12501,463,2,644,1.99,"2005-05-28 08:53:02","2005-06-04 12:27:02"
561,2087,77,1,928,2.99,"2005-05-28 08:54:06","2005-06-05 05:54:06"
562,2738,102,2,3390,1.99,"2005-05-28 09:01:21","2005-06-02 05:26:21"
563,8754,324,1,53,3.99,"2005-05-28 09:10:49","2005-06-06 11:32:49"
564,7627,282,1,2973,0.99,"2005-05-28 09:12:09","2005-05-29 05:07:09"
565,7793,288,1,1494,5.99,"2005-05-28 09:26:31","2005-06-01 07:28:31"
566,6810,253,1,4330,6.99,"2005-05-28 09:51:39","2005-06-05 09:35:39"
567,4999,184,2,3308,1.99,"2005-05-28 09:56:20","2005-06-01 06:41:20"
568,4211,155,1,2232,2.99,"2005-05-28 09:57:36","2005-05-31 15:44:36"
569,1538,56,2,4534,6.99,"2005-05-28 10:12:41","2005-06-03 10:08:41"
570,546,21,1,1122,0.99,"2005-05-28 10:15:04","2005-05-30 08:32:04"
571,13889,516,1,4250,1.99,"2005-05-28 10:17:41","2005-06-05 07:56:41"
572,9098,337,2,1899,4.99,"2005-05-28 10:30:13","2005-06-02 05:04:13"
573,2,1,1,4020,0.99,"2005-05-28 10:35:23","2005-06-03 06:32:23"
574,2062,76,1,3883,1.99,"2005-05-28 10:44:28","2005-06-04 11:42:28"
575,3833,142,1,4451,9.99,"2005-05-28 10:56:09","2005-06-05 15:39:09"
576,15735,588,2,1866,2.99,"2005-05-28 10:56:10","2005-06-04 13:15:10"
577,147,6,2,375,2.99,"2005-05-28 11:09:14","2005-06-01 13:27:14"
578,4689,173,1,2938,2.99,"2005-05-28 11:15:48","2005-06-02 09:59:48"
579,4914,181,1,3481,6.99,"2005-05-28 11:19:23","2005-06-02 13:51:23"
580,448,17,2,3515,2.99,"2005-05-28 11:19:53","2005-06-01 10:44:53"
581,5043,186,2,1380,1.99,"2005-05-28 11:20:29","2005-06-04 12:37:29"
582,5357,198,1,4579,4.99,"2005-05-28 11:33:46","2005-05-29 08:33:46"
583,10444,386,2,2679,7.99,"2005-05-28 11:48:55","2005-06-04 07:09:55"
584,1867,69,1,1833,4.99,"2005-05-28 11:49:00","2005-06-01 11:54:00"
585,13209,490,2,3544,6.99,"2005-05-28 11:50:45","2005-06-03 15:35:45"
586,2088,77,1,898,0.99,"2005-05-28 12:03:00","2005-05-29 13:16:00"
587,1735,64,2,1413,0.99,"2005-05-28 12:05:33","2005-05-30 13:45:33"
588,2410,89,2,95,0.99,"2005-05-28 12:08:37","2005-05-29 16:25:37"
589,8356,308,2,4231,3.99,"2005-05-28 12:27:50","2005-06-03 07:15:50"
590,12469,462,1,473,3.99,"2005-05-28 13:06:50","2005-06-02 09:18:50"
591,494,19,2,377,2.99,"2005-05-28 13:11:04","2005-05-29 17:20:04"
592,6590,244,1,638,4.99,"2005-05-28 13:21:08","2005-05-29 16:55:08"
593,419,16,2,1810,2.99,"2005-05-28 13:33:23","2005-05-30 17:10:23"
594,14478,538,1,2766,2.99,"2005-05-28 13:41:56","2005-05-30 12:00:56"
595,7953,294,1,595,1.99,"2005-05-28 13:59:54","2005-06-05 15:16:54"
596,15765,589,1,821,4.99,"2005-05-28 14:00:03","2005-05-29 17:10:03"
597,6717,249,2,4469,3.99,"2005-05-28 14:01:02","2005-06-06 19:06:02"
598,4326,159,2,599,0.99,"2005-05-28 14:04:50","2005-06-03 18:00:50"
599,10641,393,2,4136,4.99,"2005-05-28 14:05:57","2005-06-01 16:41:57"
600,8959,332,2,1567,3.99,"2005-05-28 14:08:19","2005-06-03 11:57:19"
601,11579,429,1,3225,7.99,"2005-05-28 14:08:22","2005-06-04 10:50:22"
602,15792,590,2,1300,3.99,"2005-05-28 14:15:54","2005-06-05 15:16:54"
603,14453,537,1,3248,4.99,"2005-05-28 14:27:51","2005-05-29 13:13:51"
604,11506,426,2,1585,0.99,"2005-05-28 14:37:07","2005-06-03 11:03:07"
605,13491,501,2,4232,1.99,"2005-05-28 14:39:10","2005-06-01 09:28:10"
606,8107,299,2,3509,8.99,"2005-05-28 14:48:39","2005-06-04 09:44:39"
607,14851,554,2,2561,2.99,"2005-05-28 15:02:41","2005-05-30 12:54:41"
608,13299,494,2,4254,4.99,"2005-05-28 15:03:44","2005-06-04 17:14:44"
609,4085,150,2,2944,2.99,"2005-05-28 15:04:02","2005-06-05 14:47:02"
610,13464,500,2,3642,0.99,"2005-05-28 15:15:25","2005-06-02 12:30:25"
611,15534,580,2,1230,0.99,"2005-05-28 15:18:18","2005-05-31 20:15:18"
612,4376,161,2,2180,2.99,"2005-05-28 15:24:54","2005-05-30 14:22:54"
613,15926,595,1,270,6.99,"2005-05-28 15:27:22","2005-06-02 20:01:22"
614,8328,307,2,280,1.99,"2005-05-28 15:33:28","2005-06-04 12:27:28"
615,14341,533,2,3397,5.99,"2005-05-28 15:35:52","2005-06-03 17:35:52"
616,12722,471,1,989,2.99,"2005-05-28 15:45:39","2005-06-02 09:55:39"
617,10054,372,2,4142,2.99,"2005-05-28 15:49:14","2005-05-31 14:29:14"
618,6700,248,1,4445,4.99,"2005-05-28 15:50:07","2005-06-01 19:45:07"
619,11005,407,2,2482,7.99,"2005-05-28 15:52:26","2005-06-06 17:55:26"
620,8674,321,1,2444,5.99,"2005-05-28 15:54:45","2005-06-04 20:26:45"
621,6442,239,1,1144,4.99,"2005-05-28 15:58:12","2005-05-30 21:54:12"
622,2935,109,1,2363,3.99,"2005-05-28 15:58:22","2005-06-04 10:13:22"
623,13330,495,1,1222,4.99,"2005-05-28 16:01:28","2005-05-30 11:19:28"
624,15232,569,1,3660,4.99,"2005-05-28 16:13:22","2005-06-06 20:35:22"
625,15957,596,1,2889,0.99,"2005-05-28 16:35:46","2005-06-01 14:19:46"
626,15637,584,2,452,4.99,"2005-05-28 16:58:09","2005-06-01 14:02:09"
627,6500,241,2,425,7.99,"2005-05-28 17:04:43","2005-06-04 19:58:43"
628,4690,173,2,2513,4.99,"2005-05-28 17:05:46","2005-06-06 16:29:46"
629,2556,94,2,1527,4.99,"2005-05-28 17:19:15","2005-06-02 20:01:15"
630,11271,417,2,1254,8.99,"2005-05-28 17:24:51","2005-06-05 20:05:51"
631,13547,503,2,2465,2.99,"2005-05-28 17:36:32","2005-06-03 14:56:32"
632,11917,442,1,1287,5.99,"2005-05-28 17:37:50","2005-06-03 16:04:50"
633,9709,360,2,58,0.99,"2005-05-28 17:37:59","2005-06-03 22:49:59"
634,11557,428,2,2630,4.99,"2005-05-28 17:40:35","2005-06-05 16:18:35"
635,1149,42,1,1648,5.99,"2005-05-28 17:46:57","2005-06-06 18:24:57"
636,6443,239,1,4213,6.99,"2005-05-28 17:47:58","2005-06-04 16:32:58"
637,6739,250,2,1581,4.99,"2005-05-28 18:14:29","2005-05-29 23:48:29"
638,10055,372,2,2685,2.99,"2005-05-28 18:24:43","2005-06-02 19:03:43"
639,5358,198,1,4204,2.99,"2005-05-28 18:25:02","2005-05-29 18:22:02"
640,12542,465,1,495,0.99,"2005-05-28 18:43:26","2005-05-30 13:39:26"
641,10713,396,1,3548,5.99,"2005-05-28 18:45:47","2005-06-04 15:24:47"
642,4262,157,2,140,4.99,"2005-05-28 18:49:12","2005-06-01 20:50:12"
643,6476,240,2,3105,4.99,"2005-05-28 18:52:11","2005-05-31 15:15:11"
644,8555,316,1,4304,8.99,"2005-05-28 18:59:12","2005-06-04 18:06:12"
645,13606,505,1,3128,2.99,"2005-05-28 19:14:09","2005-06-05 14:01:09"
646,5022,185,2,1922,0.99,"2005-05-28 19:16:14","2005-05-31 16:50:14"
647,15233,569,1,3435,1.99,"2005-05-28 19:22:52","2005-06-01 00:10:52"
648,6811,253,2,3476,0.99,"2005-05-28 19:25:54","2005-06-03 15:57:54"
649,5319,197,1,1781,1.99,"2005-05-28 19:35:45","2005-06-05 16:00:45"
650,7611,281,1,4384,2.99,"2005-05-28 19:45:40","2005-05-29 21:02:40"
651,7182,266,1,739,2.99,"2005-05-28 19:46:50","2005-05-30 16:29:50"
652,1180,43,2,1201,4.99,"2005-05-28 20:08:47","2005-05-29 14:57:47"
653,8826,327,2,126,6.99,"2005-05-28 20:12:20","2005-06-04 14:44:20"
654,602,23,2,2312,2.99,"2005-05-28 20:15:30","2005-05-30 22:02:30"
655,7762,287,2,331,2.99,"2005-05-28 20:16:20","2005-05-31 16:46:20"
656,11774,437,1,2846,4.99,"2005-05-28 20:18:24","2005-05-30 16:19:24"
657,1768,65,1,848,0.99,"2005-05-28 20:23:09","2005-06-01 02:11:09"
658,2770,103,2,3226,9.99,"2005-05-28 20:23:23","2005-06-06 19:31:23"
659,5598,207,2,1382,0.99,"2005-05-28 20:27:53","2005-05-31 01:36:53"
660,15485,578,1,1414,0.99,"2005-05-28 20:53:31","2005-05-30 15:26:31"
661,1393,51,2,2247,4.99,"2005-05-28 21:01:25","2005-06-02 01:22:25"
662,4488,166,2,2968,1.99,"2005-05-28 21:09:31","2005-06-01 19:00:31"
663,4766,176,2,3997,1.99,"2005-05-28 21:23:02","2005-06-02 17:39:02"
664,14077,523,2,87,0.99,"2005-05-28 21:31:08","2005-06-02 20:56:08"
665,11216,415,1,1012,4.99,"2005-05-28 21:38:39","2005-05-29 21:37:39"
666,11775,437,2,3075,5.99,"2005-05-28 21:48:51","2005-06-05 16:45:51"
667,15958,596,1,797,4.99,"2005-05-28 21:49:02","2005-05-31 03:07:02"
668,13056,484,1,3528,2.99,"2005-05-28 21:54:45","2005-05-29 22:32:45"
669,8481,313,1,3677,4.99,"2005-05-28 22:03:25","2005-06-03 03:39:25"
670,5446,201,2,227,6.99,"2005-05-28 22:04:03","2005-06-06 22:43:03"
671,361,14,2,1027,2.99,"2005-05-28 22:04:30","2005-06-03 01:21:30"
672,8295,306,2,697,6.99,"2005-05-28 22:05:29","2005-06-06 02:10:29"
673,12615,468,1,1769,0.99,"2005-05-28 22:07:30","2005-06-01 23:42:30"
674,2359,87,2,1150,2.99,"2005-05-28 22:11:35","2005-06-01 23:58:35"
675,9126,338,2,1273,0.99,"2005-05-28 22:22:44","2005-06-01 02:57:44"
676,13210,490,2,2329,4.99,"2005-05-28 22:27:51","2005-05-29 20:36:51"
677,5245,194,2,4558,7.99,"2005-05-28 23:00:08","2005-06-05 19:11:08"
678,7276,269,2,3741,6.99,"2005-05-28 23:15:48","2005-06-03 04:43:48"
679,14137,526,2,907,4.99,"2005-05-28 23:24:57","2005-06-06 21:59:57"
680,13009,482,2,4147,2.99,"2005-05-28 23:27:26","2005-06-02 02:28:26"
681,14283,531,1,3346,2.99,"2005-05-28 23:39:44","2005-06-01 01:42:44"
682,4012,148,2,3160,4.99,"2005-05-28 23:53:18","2005-05-29 19:14:18"
683,5320,197,1,2038,2.99,"2005-05-29 00:09:48","2005-06-02 04:27:48"
684,12440,461,2,3242,6.99,"2005-05-29 00:13:15","2005-06-04 21:26:15"
685,4657,172,2,1385,6.99,"2005-05-29 00:17:51","2005-06-05 05:32:51"
686,11123,411,1,2441,4.99,"2005-05-29 00:27:10","2005-05-30 02:29:10"
687,6740,250,1,1731,0.99,"2005-05-29 00:32:09","2005-05-31 23:53:09"
688,4404,162,1,4135,4.99,"2005-05-29 00:45:24","2005-06-02 01:30:24"
689,15289,571,2,742,3.99,"2005-05-29 00:46:53","2005-06-03 23:48:53"
690,2302,85,1,2646,9.99,"2005-05-29 00:54:53","2005-06-06 00:45:53"
691,11667,433,1,4034,10.99,"2005-05-29 01:01:26","2005-06-07 06:21:26"
692,470,18,2,800,4.99,"2005-05-29 01:32:10","2005-06-02 03:54:10"
693,5150,190,2,635,2.99,"2005-05-29 01:42:31","2005-06-03 02:29:31"
694,10786,399,1,592,6.99,"2005-05-29 01:49:43","2005-06-05 06:52:43"
695,14208,528,1,4276,3.99,"2005-05-29 01:50:53","2005-06-03 02:28:53"
696,495,19,1,2076,2.99,"2005-05-29 01:59:10","2005-06-01 02:45:10"
697,10474,387,2,3949,7.99,"2005-05-29 02:04:04","2005-06-04 00:47:04"
698,2936,109,1,1412,0.99,"2005-05-29 02:10:52","2005-06-01 21:52:52"
699,6657,246,2,130,3.99,"2005-05-29 02:11:44","2005-06-04 20:23:44"
700,3148,117,1,500,0.99,"2005-05-29 02:18:54","2005-05-30 05:54:54"
701,3000,112,1,372,2.99,"2005-05-29 02:26:27","2005-06-03 04:59:27"
702,12840,475,2,2556,0.99,"2005-05-29 02:27:30","2005-05-30 01:52:30"
703,7277,269,2,1123,0.99,"2005-05-29 02:29:36","2005-06-03 04:54:36"
704,8907,330,2,2628,3.99,"2005-05-29 02:44:43","2005-06-06 01:51:43"
705,6921,257,1,2809,2.99,"2005-05-29 02:48:52","2005-05-30 06:21:52"
706,1648,60,1,2278,1.99,"2005-05-29 03:05:49","2005-06-04 22:48:49"
707,6788,252,1,819,4.99,"2005-05-29 03:18:19","2005-05-30 02:45:19"
708,3415,127,2,3133,0.99,"2005-05-29 03:23:47","2005-05-31 21:27:47"
709,12927,479,1,2459,7.99,"2005-05-29 03:48:01","2005-06-06 05:21:01"
710,13939,518,1,194,2.99,"2005-05-29 03:48:36","2005-06-03 05:03:36"
711,5832,215,2,4581,4.99,"2005-05-29 03:49:03","2005-05-31 08:29:03"
712,8482,313,2,4191,2.99,"2005-05-29 04:02:24","2005-05-30 03:09:24"
713,13662,507,1,3664,4.99,"2005-05-29 04:10:17","2005-06-07 07:13:17"
714,12194,452,2,2010,2.99,"2005-05-29 04:15:21","2005-06-01 23:05:21"
715,14640,545,1,2030,3.99,"2005-05-29 04:22:41","2005-06-05 09:28:41"
716,985,36,2,85,0.99,"2005-05-29 04:35:29","2005-06-01 07:42:29"
717,11151,412,2,1383,0.99,"2005-05-29 04:37:44","2005-05-30 05:48:44"
718,13407,498,1,1736,2.99,"2005-05-29 04:52:23","2005-06-02 02:27:23"
719,6625,245,2,267,2.99,"2005-05-29 05:16:05","2005-06-01 07:53:05"
720,12958,480,2,3687,6.99,"2005-05-29 05:17:30","2005-06-06 02:47:30"
721,1206,44,1,1116,0.99,"2005-05-29 05:28:47","2005-05-31 11:24:47"
722,6980,259,1,4540,6.99,"2005-05-29 05:30:31","2005-06-06 04:51:31"
723,8382,309,1,3407,0.99,"2005-05-29 05:34:44","2005-05-30 05:50:44"
724,11240,416,2,3770,3.99,"2005-05-29 05:53:23","2005-06-05 04:01:23"
725,6626,245,2,4088,2.99,"2005-05-29 06:03:41","2005-06-03 08:52:41"
726,12195,452,2,933,1.99,"2005-05-29 06:05:29","2005-06-05 04:40:29"
727,13057,484,1,1629,2.99,"2005-05-29 06:08:15","2005-05-30 07:16:15"
728,14781,551,1,242,2.99,"2005-05-29 06:12:38","2005-06-03 07:41:38"
729,8724,323,2,1688,2.99,"2005-05-29 06:35:13","2005-06-04 03:23:13"
730,5321,197,1,3473,3.99,"2005-05-29 07:00:59","2005-06-06 01:17:59"
731,108,5,1,4124,0.99,"2005-05-29 07:25:16","2005-05-30 05:21:16"
732,12057,447,2,2530,0.99,"2005-05-29 07:32:51","2005-05-30 10:08:51"
733,9806,363,1,2951,3.99,"2005-05-29 07:35:21","2005-06-05 09:14:21"
734,14479,538,2,3084,4.99,"2005-05-29 07:38:52","2005-06-03 10:17:52"
735,12248,454,1,3421,7.99,"2005-05-29 08:08:13","2005-06-07 13:35:13"
736,7467,276,2,3689,3.99,"2005-05-29 08:10:07","2005-06-05 10:21:07"
737,15766,589,2,769,4.99,"2005-05-29 08:11:31","2005-06-04 11:18:31"
738,6891,256,2,2284,4.99,"2005-05-29 08:20:08","2005-06-06 08:59:08"
739,2270,84,2,1183,6.99,"2005-05-29 08:28:18","2005-06-06 09:21:18"
740,2411,89,2,600,5.99,"2005-05-29 08:30:36","2005-06-04 12:47:36"
741,13331,495,1,3189,4.99,"2005-05-29 08:35:49","2005-06-04 11:55:49"
742,13037,483,1,273,6.99,"2005-05-29 08:36:30","2005-06-05 11:30:30"
743,14710,548,2,2528,4.99,"2005-05-29 08:39:02","2005-06-06 08:42:02"
744,11350,420,2,3722,4.99,"2005-05-29 09:13:08","2005-06-01 07:05:08"
745,4137,152,1,581,4.99,"2005-05-29 09:22:57","2005-06-01 09:10:57"
746,3505,130,2,4272,2.99,"2005-05-29 09:25:10","2005-06-02 04:20:10"
747,7873,291,1,1993,4.99,"2005-05-29 09:26:34","2005-06-05 07:28:34"
748,176,7,1,2803,2.99,"2005-05-29 09:27:00","2005-06-03 04:25:00"
749,10153,375,2,1146,4.99,"2005-05-29 09:33:33","2005-05-31 11:45:33"
750,7278,269,1,730,4.99,"2005-05-29 09:41:40","2005-05-30 13:31:40"
751,1456,53,1,2711,0.99,"2005-05-29 09:55:43","2005-06-02 04:54:43"
752,3387,126,1,1720,4.99,"2005-05-29 10:14:15","2005-06-04 06:30:15"
753,3637,135,2,1021,3.99,"2005-05-29 10:16:42","2005-06-05 08:52:42"
754,7612,281,2,734,2.99,"2005-05-29 10:18:59","2005-06-04 05:03:59"
755,15423,576,2,3090,2.99,"2005-05-29 10:26:29","2005-06-01 10:25:29"
756,5447,201,1,3152,5.99,"2005-05-29 10:28:45","2005-06-04 12:50:45"
757,11718,435,1,1067,7.99,"2005-05-29 10:29:47","2005-06-07 15:27:47"
758,15073,563,2,1191,4.99,"2005-05-29 10:31:56","2005-06-01 14:53:56"
759,4863,179,2,2367,6.99,"2005-05-29 10:57:57","2005-06-07 16:23:57"
760,2089,77,1,3250,5.99,"2005-05-29 11:07:25","2005-06-02 14:16:25"
761,1595,58,2,2342,0.99,"2005-05-29 11:09:01","2005-06-03 16:18:01"
762,3949,146,1,3683,7.99,"2005-05-29 11:15:51","2005-06-06 07:48:51"
763,1357,50,1,2022,4.99,"2005-05-29 11:32:15","2005-05-31 17:31:15"
764,4058,149,1,1069,4.99,"2005-05-29 11:37:35","2005-05-31 16:47:35"
765,1868,69,1,515,1.99,"2005-05-29 11:38:34","2005-06-02 17:04:34"
766,10367,383,1,2154,8.99,"2005-05-29 11:47:02","2005-06-06 07:14:02"
767,1824,67,2,687,2.99,"2005-05-29 12:20:19","2005-06-02 14:15:19"
768,15156,566,2,2895,4.99,"2005-05-29 12:30:46","2005-06-07 09:00:46"
769,15397,575,1,1523,2.99,"2005-05-29 12:51:44","2005-06-01 17:43:44"
770,10942,405,2,2491,4.99,"2005-05-29 12:56:50","2005-06-07 15:54:50"
771,12864,476,2,353,2.99,"2005-05-29 12:59:14","2005-06-01 16:05:14"
772,14891,556,1,3319,5.99,"2005-05-29 13:08:06","2005-06-06 08:19:06"
773,15074,563,1,245,5.99,"2005-05-29 13:18:05","2005-06-07 17:22:05"
774,15398,575,1,1188,4.99,"2005-05-29 13:19:43","2005-06-01 18:51:43"
775,3336,124,2,1197,0.99,"2005-05-29 13:23:26","2005-05-30 07:53:26"
776,3030,113,1,4339,0.99,"2005-05-29 13:35:35","2005-06-03 17:33:35"
777,9710,360,2,451,4.99,"2005-05-29 14:07:58","2005-06-03 08:41:58"
778,14398,535,1,1816,3.99,"2005-05-29 14:09:53","2005-06-05 20:05:53"
779,2827,105,1,533,6.99,"2005-05-29 14:17:17","2005-06-06 16:46:17"
780,8137,300,1,1919,3.99,"2005-05-29 14:18:32","2005-06-06 20:14:32"
781,8483,313,1,88,0.99,"2005-05-29 14:23:58","2005-05-30 17:44:58"
782,15959,596,2,2255,1.99,"2005-05-29 14:38:57","2005-06-02 13:18:57"
783,1457,53,2,3046,5.99,"2005-05-29 14:41:18","2005-06-06 10:39:18"
784,9510,352,2,2936,2.99,"2005-05-29 14:44:22","2005-06-01 17:28:22"
785,1940,72,1,39,4.99,"2005-05-29 15:08:41","2005-05-30 15:51:41"
786,11831,439,2,2637,9.99,"2005-05-29 15:17:28","2005-06-07 10:07:28"
787,719,27,2,3919,2.99,"2005-05-29 16:03:03","2005-06-07 11:07:03"
788,15048,562,1,763,2.99,"2005-05-29 16:13:55","2005-05-31 16:40:55"
789,14827,553,1,708,4.99,"2005-05-29 16:17:07","2005-06-06 18:15:07"
790,15873,593,2,2858,2.99,"2005-05-29 16:19:29","2005-06-02 17:22:29"
791,7681,284,1,1554,0.99,"2005-05-29 16:30:42","2005-06-01 19:11:42"
792,7047,261,1,2841,0.99,"2005-05-29 16:32:10","2005-05-31 18:01:10"
793,14209,528,2,379,5.99,"2005-05-29 16:44:08","2005-06-06 19:21:08"
794,1358,50,1,1995,4.99,"2005-05-29 16:44:11","2005-06-05 16:11:11"
795,14782,551,2,609,0.99,"2005-05-29 16:57:39","2005-06-01 11:33:39"
796,685,26,2,2697,2.99,"2005-05-29 16:59:44","2005-06-03 16:22:44"
797,6591,244,1,1446,1.99,"2005-05-29 17:12:17","2005-06-03 16:06:17"
798,3614,134,2,1102,0.99,"2005-05-29 17:23:43","2005-06-01 13:06:43"
799,11580,429,1,1713,4.99,"2005-05-29 17:24:48","2005-06-05 12:25:48"
800,12751,472,1,441,0.99,"2005-05-29 17:28:12","2005-05-30 14:59:12"
801,10856,402,2,1642,1.99,"2005-05-29 17:35:50","2005-06-04 17:05:50"
802,9464,350,2,785,4.99,"2005-05-29 17:38:59","2005-05-31 22:42:59"
803,879,32,2,1602,4.99,"2005-05-29 17:52:30","2005-05-30 14:35:30"
804,4630,171,1,3909,9.99,"2005-05-29 18:10:24","2005-06-06 22:53:24"
805,6246,232,2,3132,3.99,"2005-05-29 18:18:18","2005-06-07 15:11:18"
806,11719,435,2,2386,4.99,"2005-05-29 18:31:30","2005-05-31 00:18:30"
807,6319,235,2,2195,2.99,"2005-05-29 18:50:50","2005-06-03 18:36:50"
808,2801,104,2,1928,3.99,"2005-05-29 19:08:20","2005-06-06 20:32:20"
809,6006,222,2,2114,3.99,"2005-05-29 19:10:20","2005-06-05 19:05:20"
810,9337,346,2,2533,4.99,"2005-05-29 19:12:04","2005-06-04 21:12:04"
811,10836,401,2,4419,1.99,"2005-05-29 19:30:42","2005-06-02 16:19:42"
812,6063,225,2,1099,4.99,"2005-05-29 20:00:30","2005-05-30 19:43:30"
813,9296,344,1,4554,5.99,"2005-05-29 20:14:34","2005-06-05 20:56:34"
814,3615,134,1,1572,6.99,"2005-05-29 20:16:12","2005-06-07 17:47:12"
815,362,14,1,3757,0.99,"2005-05-29 20:24:28","2005-06-03 15:32:28"
816,12813,474,2,630,7.99,"2005-05-29 20:26:39","2005-06-06 22:31:39"
817,14852,554,1,186,2.99,"2005-05-29 20:39:14","2005-05-31 18:24:14"
818,8675,321,2,4106,4.99,"2005-05-29 20:47:53","2005-06-02 23:18:53"
819,13758,511,2,623,3.99,"2005-05-29 21:00:32","2005-06-02 15:15:32"
820,581,22,2,2584,8.99,"2005-05-29 21:07:22","2005-06-07 00:22:22"
821,9399,348,1,3380,0.99,"2005-05-29 21:31:12","2005-06-04 22:49:12"
822,12959,480,1,2634,9.99,"2005-05-29 21:36:00","2005-06-07 17:24:00"
823,11887,441,1,3249,4.99,"2005-05-29 21:39:37","2005-05-30 22:06:37"
824,9638,357,1,3518,4.99,"2005-05-29 21:45:32","2005-05-31 19:01:32"
825,10023,371,2,712,0.99,"2005-05-29 21:49:41","2005-06-04 20:27:41"
826,5599,207,1,2263,6.99,"2005-05-29 21:56:15","2005-06-08 03:18:15"
827,15337,573,1,62,2.99,"2005-05-29 21:58:43","2005-06-06 00:54:43"
828,5881,217,1,2468,2.99,"2005-05-29 22:14:55","2005-05-30 17:22:55"
829,10024,371,1,1684,2.99,"2005-05-29 22:16:42","2005-06-06 01:38:42"
830,61,3,1,3464,2.99,"2005-05-29 22:43:55","2005-06-01 17:43:55"
831,13712,509,1,3912,8.99,"2005-05-29 22:50:25","2005-06-06 02:27:25"
832,4327,159,2,1381,3.99,"2005-05-29 22:51:20","2005-06-07 17:37:20"
833,11272,417,1,2898,4.99,"2005-05-29 23:21:56","2005-06-02 18:40:56"
834,2271,84,2,3628,4.99,"2005-05-29 23:24:30","2005-05-30 22:00:30"
835,10309,381,1,299,2.99,"2005-05-29 23:37:00","2005-06-02 23:38:00"
836,9942,368,2,3140,2.99,"2005-05-29 23:56:42","2005-05-31 04:11:42"
837,4658,172,2,977,0.99,"2005-05-30 00:02:08","2005-06-02 05:31:08"
838,13579,504,2,2859,4.99,"2005-05-30 00:27:57","2005-06-06 22:19:57"
839,9099,337,1,1886,8.99,"2005-05-30 00:28:12","2005-06-08 02:43:12"
840,2144,79,2,4049,4.99,"2005-05-30 00:28:41","2005-05-31 20:39:41"
841,10475,387,1,4318,4.99,"2005-05-30 00:31:17","2005-06-02 19:14:17"
842,6420,238,1,2328,2.99,"2005-05-30 00:32:04","2005-06-01 02:21:04"
843,8484,313,2,2214,0.99,"2005-05-30 00:44:24","2005-05-31 00:58:24"
844,11581,429,1,536,4.99,"2005-05-30 00:58:20","2005-06-01 00:38:20"
845,1941,72,1,2001,4.99,"2005-05-30 01:17:25","2005-06-07 02:00:25"
846,1331,49,2,938,2.99,"2005-05-30 01:17:45","2005-06-01 00:56:45"
847,10271,380,2,4387,3.99,"2005-05-30 01:18:15","2005-06-06 20:20:15"
848,11745,436,1,1363,5.99,"2005-05-30 01:19:53","2005-06-05 23:40:53"
849,12116,449,1,2424,7.99,"2005-05-30 01:23:07","2005-06-07 01:50:07"
850,13914,517,1,2390,4.99,"2005-05-30 01:35:12","2005-05-31 01:51:12"
851,14259,530,1,2780,0.99,"2005-05-30 01:35:15","2005-06-06 07:27:15"
852,14729,549,1,1622,4.99,"2005-05-30 01:36:57","2005-06-01 22:44:57"
853,3280,122,1,3693,0.99,"2005-05-30 01:43:31","2005-06-01 02:05:31"
854,9977,369,2,921,0.99,"2005-05-30 01:56:11","2005-06-01 06:34:11"
855,10973,406,2,2527,0.99,"2005-05-30 02:00:28","2005-06-03 20:16:28"
856,1458,53,1,3969,9.99,"2005-05-30 02:01:21","2005-06-07 03:25:21"
857,5518,204,2,2569,4.99,"2005-05-30 02:01:23","2005-06-02 06:07:23"
858,9663,358,1,1258,4.99,"2005-05-30 02:10:32","2005-06-01 04:42:32"
859,2145,79,2,3032,2.99,"2005-05-30 02:36:20","2005-06-02 07:49:20"
860,7468,276,1,578,10.99,"2005-05-30 02:45:16","2005-06-08 07:28:16"
861,13512,502,1,3711,0.99,"2005-05-30 02:48:32","2005-06-06 05:43:32"
862,8852,328,1,1186,2.99,"2005-05-30 03:09:11","2005-06-03 21:27:11"
863,10249,379,2,3999,4.99,"2005-05-30 03:14:59","2005-06-05 04:34:59"
864,14618,544,1,2777,2.99,"2005-05-30 03:27:17","2005-06-06 08:28:17"
865,4182,154,2,3183,7.99,"2005-05-30 03:39:44","2005-06-07 08:10:44"
866,207,8,1,2867,6.99,"2005-05-30 03:43:54","2005-06-08 04:28:54"
867,2664,99,1,3389,0.99,"2005-05-30 03:54:43","2005-06-01 22:59:43"
868,751,28,1,3604,2.99,"2005-05-30 04:19:55","2005-05-31 02:28:55"
869,8019,296,2,3399,4.99,"2005-05-30 04:22:06","2005-06-03 09:18:06"
870,10591,391,1,2903,2.99,"2005-05-30 04:25:47","2005-06-06 04:32:47"
871,8218,303,2,4573,2.99,"2005-05-30 05:01:30","2005-06-04 06:22:30"
872,14711,548,1,3904,3.99,"2005-05-30 05:03:04","2005-06-06 10:35:04"
873,10154,375,2,4568,2.99,"2005-05-30 05:15:20","2005-06-07 00:49:20"
874,1425,52,1,363,0.99,"2005-05-30 05:36:21","2005-06-01 09:32:21"
875,8801,326,2,1428,6.99,"2005-05-30 05:38:24","2005-06-06 00:34:24"
876,9154,339,2,1471,5.99,"2005-05-30 05:41:22","2005-06-07 09:06:22"
877,232,9,1,886,0.99,"2005-05-30 05:48:59","2005-06-02 09:30:59"
878,8725,323,1,4265,5.99,"2005-05-30 05:49:13","2005-06-07 04:35:13"
879,13010,482,2,4021,0.99,"2005-05-30 05:49:42","2005-06-05 01:45:42"
880,12417,460,2,1819,0.99,"2005-05-30 06:12:33","2005-06-02 04:35:33"
881,6536,242,1,602,4.99,"2005-05-30 06:15:36","2005-06-02 10:21:36"
882,12885,477,1,3841,2.99,"2005-05-30 06:16:06","2005-06-02 11:57:06"
883,10787,399,2,2271,4.99,"2005-05-30 06:21:05","2005-06-07 04:50:05"
884,449,17,1,4079,4.99,"2005-05-30 06:41:32","2005-05-31 07:39:32"
885,1686,62,2,646,0.99,"2005-05-30 06:54:28","2005-06-03 07:03:28"
886,10642,393,2,4356,0.99,"2005-05-30 06:54:51","2005-06-01 06:04:51"
887,420,16,2,2727,0.99,"2005-05-30 07:10:00","2005-06-01 06:48:00"
888,3438,128,1,387,5.99,"2005-05-30 07:13:14","2005-06-06 09:50:14"
889,3060,114,2,1299,2.99,"2005-05-30 07:14:53","2005-05-31 07:56:53"
890,9434,349,1,1464,4.99,"2005-05-30 07:43:04","2005-06-01 11:26:04"
891,10592,391,1,2611,7.99,"2005-05-30 07:43:12","2005-06-08 09:21:12"
892,7407,274,1,471,4.99,"2005-05-30 08:02:56","2005-06-05 12:51:56"
893,13513,502,2,3260,2.99,"2005-05-30 08:06:59","2005-06-07 08:23:59"
894,10809,400,1,1118,5.99,"2005-05-30 08:31:31","2005-06-07 12:39:31"
895,5196,192,1,2744,1.99,"2005-05-30 08:50:43","2005-06-05 10:58:43"
896,5600,207,2,2817,3.99,"2005-05-30 09:03:52","2005-06-05 07:37:52"
897,11645,432,1,1334,8.99,"2005-05-30 09:10:01","2005-06-08 03:43:01"
898,10395,384,2,3497,0.99,"2005-05-30 09:26:19","2005-06-01 10:45:19"
899,4236,156,2,1096,6.99,"2005-05-30 09:29:30","2005-06-06 12:39:30"
900,15691,586,1,3543,8.99,"2005-05-30 09:38:41","2005-06-07 11:54:41"
901,6981,259,1,760,2.99,"2005-05-30 09:40:40","2005-06-02 10:32:40"
902,15021,561,1,1514,4.99,"2005-05-30 09:53:36","2005-06-07 12:10:36"
903,5322,197,1,2423,3.99,"2005-05-30 10:11:29","2005-06-03 09:33:29"
904,1207,44,2,2466,2.99,"2005-05-30 10:19:42","2005-06-05 04:58:42"
905,1359,50,1,4372,4.99,"2005-05-30 10:25:00","2005-06-06 06:23:00"
906,14730,549,2,1862,3.99,"2005-05-30 10:30:38","2005-06-07 06:44:38"
907,13630,506,1,3320,0.99,"2005-05-30 10:37:27","2005-06-02 09:51:27"
908,2303,85,1,4427,4.99,"2005-05-30 10:38:37","2005-06-03 09:56:37"
909,13114,486,1,3775,8.99,"2005-05-30 10:43:38","2005-06-08 12:07:38"
910,10124,374,1,2601,2.99,"2005-05-30 10:46:16","2005-06-04 13:32:16"
911,9881,366,2,1404,6.99,"2005-05-30 10:50:22","2005-06-07 12:26:22"
912,10556,390,2,3200,4.99,"2005-05-30 10:58:33","2005-05-31 09:31:33"
913,9978,369,2,3213,7.99,"2005-05-30 11:04:58","2005-06-07 13:22:58"
914,15960,596,2,1393,2.99,"2005-05-30 11:06:00","2005-06-04 06:07:00"
915,3091,115,1,1859,0.99,"2005-05-30 11:20:27","2005-06-02 11:55:27"
916,148,6,1,1290,0.99,"2005-05-30 11:25:01","2005-05-31 09:06:01"
917,10418,385,1,3629,2.99,"2005-05-30 11:27:06","2005-06-02 08:31:06"
918,5323,197,2,818,0.99,"2005-05-30 11:32:24","2005-05-31 07:55:24"
919,10125,374,2,4052,0.99,"2005-05-30 11:35:06","2005-06-02 13:16:06"
920,15638,584,2,3860,4.99,"2005-05-30 11:44:01","2005-06-02 08:19:01"
921,13687,508,2,1827,2.99,"2005-05-30 11:53:09","2005-06-03 10:00:09"
922,14748,550,2,2442,7.99,"2005-05-30 11:55:55","2005-06-08 10:12:55"
923,1012,37,1,1884,2.99,"2005-05-30 11:58:50","2005-06-05 09:57:50"
924,7923,293,1,3279,4.99,"2005-05-30 12:10:59","2005-06-04 17:28:59"
925,3681,137,2,3203,2.99,"2005-05-30 12:13:52","2005-06-02 14:41:52"
926,2063,76,2,4327,0.99,"2005-05-30 12:15:54","2005-06-01 08:53:54"
927,4518,167,2,1158,4.99,"2005-05-30 12:16:40","2005-05-31 16:20:40"
928,2146,79,2,246,2.99,"2005-05-30 12:27:14","2005-06-05 13:56:14"
929,14429,536,1,4296,6.99,"2005-05-30 12:32:39","2005-06-06 12:17:39"
930,3799,141,2,2835,2.99,"2005-05-30 12:44:57","2005-06-04 10:53:57"
931,11372,421,1,3384,0.99,"2005-05-30 12:53:01","2005-05-31 14:28:01"
932,5359,198,2,719,2.99,"2005-05-30 12:55:36","2005-05-31 10:30:36"
933,1789,66,1,3672,4.99,"2005-05-30 13:08:45","2005-06-01 18:56:45"
934,1649,60,2,3595,2.99,"2005-05-30 13:24:46","2005-06-08 16:44:46"
935,6892,256,1,2421,2.99,"2005-05-30 13:29:36","2005-06-02 11:08:36"
936,12653,469,1,901,1.99,"2005-05-30 13:52:49","2005-06-07 16:56:49"
937,8245,304,2,1054,2.99,"2005-05-30 14:47:31","2005-06-05 09:53:31"
938,1258,46,2,1521,2.99,"2005-05-30 14:47:31","2005-06-04 10:10:31"
939,9918,367,1,1314,0.99,"2005-05-30 14:49:34","2005-06-01 19:00:34"
940,14373,534,1,1278,0.99,"2005-05-30 15:01:02","2005-06-01 18:26:02"
941,15049,562,1,3630,2.99,"2005-05-30 15:02:25","2005-06-01 17:19:25"
942,12780,473,2,4279,2.99,"2005-05-30 15:05:47","2005-06-08 15:59:47"
943,1566,57,1,3737,4.99,"2005-05-30 15:20:19","2005-06-06 18:53:19"
944,3530,131,2,151,7.99,"2005-05-30 15:26:24","2005-06-07 18:09:24"
945,9639,357,2,1441,0.99,"2005-05-30 15:33:17","2005-06-02 15:02:17"
946,13115,486,1,1264,2.99,"2005-05-30 15:35:08","2005-06-08 11:38:08"
947,1687,62,1,4478,4.99,"2005-05-30 15:36:57","2005-06-04 18:48:57"
948,6627,245,2,585,8.99,"2005-05-30 15:44:27","2005-06-08 17:30:27"
949,9943,368,1,2202,2.99,"2005-05-30 15:50:39","2005-06-03 14:25:39"
950,2245,83,1,491,0.99,"2005-05-30 16:06:08","2005-06-01 11:43:08"
951,1621,59,2,1395,2.99,"2005-05-30 16:10:35","2005-05-31 19:01:35"
952,8434,311,2,4389,2.99,"2005-05-30 16:28:07","2005-06-02 16:12:07"
953,5688,210,1,2194,2.99,"2005-05-30 16:34:02","2005-05-31 20:34:02"
954,8048,297,2,1231,3.99,"2005-05-30 16:57:29","2005-06-08 13:30:29"
955,8169,301,2,4140,0.99,"2005-05-30 16:59:03","2005-05-31 11:58:03"
956,8020,296,2,647,2.99,"2005-05-30 17:30:28","2005-06-07 13:54:28"
957,11865,440,2,4428,4.99,"2005-05-30 17:53:29","2005-06-03 15:31:29"
958,5044,186,2,548,0.99,"2005-05-30 17:58:03","2005-06-01 19:17:03"
959,14399,535,2,3108,4.99,"2005-05-30 18:07:00","2005-06-02 14:37:00"
960,12000,445,2,1966,2.99,"2005-05-30 18:13:23","2005-06-04 00:12:23"
961,15736,588,2,3293,4.99,"2005-05-30 18:16:44","2005-06-04 23:40:44"
962,13988,520,1,4535,6.99,"2005-05-30 18:45:17","2005-06-05 22:47:17"
963,6064,225,2,1921,3.99,"2005-05-30 18:52:53","2005-06-07 16:19:53"
964,7763,287,2,657,2.99,"2005-05-30 18:53:21","2005-06-04 22:32:21"
965,13514,502,2,3363,0.99,"2005-05-30 19:00:14","2005-05-31 17:10:14"
966,13357,496,1,1294,0.99,"2005-05-30 19:00:37","2005-05-31 23:51:37"
967,8908,330,2,1954,7.99,"2005-05-30 19:12:06","2005-06-09 00:02:06"
968,15424,576,2,119,0.99,"2005-05-30 19:20:03","2005-05-31 18:17:03"
969,14783,551,1,443,4.99,"2005-05-30 19:23:48","2005-05-31 21:14:48"
970,8329,307,1,1520,6.99,"2005-05-30 19:50:28","2005-06-09 01:19:28"
971,15022,561,1,2911,4.99,"2005-05-30 20:10:52","2005-06-06 20:47:52"
972,11124,411,1,2,1.99,"2005-05-30 20:21:07","2005-06-06 00:36:07"
973,12781,473,2,1914,3.99,"2005-05-30 20:27:45","2005-06-08 22:47:45"
974,15961,596,2,2617,6.99,"2005-05-30 20:28:42","2005-06-08 23:45:42"
975,177,7,2,3109,4.99,"2005-05-30 21:07:15","2005-06-03 01:48:15"
976,15561,581,2,2290,4.99,"2005-05-30 21:11:19","2005-06-06 02:16:19"
977,10673,394,2,2029,2.99,"2005-05-30 21:22:26","2005-06-04 22:32:26"
978,4183,154,1,407,5.99,"2005-05-30 21:30:52","2005-06-07 16:22:52"
979,7553,279,2,3917,2.99,"2005-05-30 21:37:11","2005-06-08 00:24:11"
980,7368,273,1,4169,0.99,"2005-05-30 21:45:19","2005-06-01 20:32:19"
981,8802,326,2,2913,4.99,"2005-05-30 21:52:42","2005-06-01 03:15:42"
982,14099,524,1,3560,4.99,"2005-05-30 22:15:24","2005-06-02 16:18:24"
983,3092,115,1,63,0.99,"2005-05-30 22:15:51","2005-06-02 22:56:51"
984,7070,262,2,2305,4.99,"2005-05-30 22:17:17","2005-06-01 20:15:17"
985,15103,564,1,1573,2.99,"2005-05-30 22:18:35","2005-06-04 23:36:35"
986,6812,253,1,4045,2.99,"2005-05-30 22:22:52","2005-06-01 02:24:52"
987,279,11,1,390,6.99,"2005-05-30 22:59:12","2005-06-07 20:56:12"
988,303,12,1,1364,4.99,"2005-05-30 23:08:03","2005-06-07 00:22:03"
989,2246,83,2,4388,2.99,"2005-05-30 23:11:51","2005-06-03 20:36:51"
990,8435,311,2,4171,3.99,"2005-05-30 23:25:14","2005-06-06 18:41:14"
991,15874,593,1,2863,8.99,"2005-05-30 23:29:22","2005-06-07 23:16:22"
992,3312,123,1,3572,2.99,"2005-05-30 23:47:56","2005-06-05 19:01:56"
993,13807,513,1,2080,4.99,"2005-05-30 23:54:19","2005-06-04 21:27:19"
994,12752,472,2,2798,4.99,"2005-05-30 23:55:36","2005-06-04 01:00:36"
995,4086,150,2,17,3.99,"2005-05-31 00:06:02","2005-06-06 02:30:02"
996,8933,331,2,2075,2.99,"2005-05-31 00:06:20","2005-05-31 21:29:20"
997,5858,216,2,4243,4.99,"2005-05-31 00:08:25","2005-06-02 00:17:25"
998,10529,389,1,3395,4.99,"2005-05-31 00:16:57","2005-06-01 22:41:57"
999,11171,413,2,4433,4.99,"2005-05-31 00:25:10","2005-06-03 06:05:10"
1000,8960,332,2,1774,6.99,"2005-05-31 00:25:56","2005-06-08 19:42:56"
1001,1736,64,2,1498,2.99,"2005-05-31 00:46:31","2005-06-06 06:14:31"
